Sr. no.,Common name,Smiles,Antibacterial class
1,1010-93-1,Cc1ncc([N+](=O)[O-])n1CC(=O)O,nitroimidazole
2,1-Fluoroquinolin-4(1H)-One,FN1C=CC(=O)c2ccccc12,Fluoroquinolone
3,"2,4-Dinitrophenol",Oc1ccc(cc1[N+](=O)[O-])[N+](=O)[O-],Nitro-substituted phenol
4,2-Naphthol,Oc1ccc2ccccc2c1,Naphthol
5,2'-O-Acetylerythromycin A,CC[C@H]1OC(=O)[C@H](C)[C@@H](O[C@H]2C[C@@](C)(OC)[C@@H](O)[C@H](C)O2)[C@H](C)[C@@H](O[C@@H]3O[C@H](C)C[C@@H]([C@H]3OC(=O)C)N(C)C)[C@](C)(O)C[C@@H](C)C(=O)[C@H](C)[C@@H](O)[C@]1(C)O,macrolide
6,"3,6-Diamino-10-Methylacridinium",C[n+]1c2cc(N)ccc2cc3ccc(N)cc13,Acridines
7,34503-87-2,CC(C)CCCCC(=O)N[C@@H](CCN)C(=O)N[C@@H]([C@@H](C)O)C(=O)N[C@@H](CCN)C(=O)N[C@H]1CCNC(=O)[C@@H](NC(=O)[C@H](CCN)NC(=O)[C@H](CCN)NC(=O)[C@H](CC(C)C)NC(=O)[C@@H](Cc2ccccc2)NC(=O)[C@H](CCN)NC1=O)[C@@H](C)O,polymyxin
8,4812-40-2,OCCn1c(CO)ncc1[N+](=O)[O-],nitroimidazole
9,4-Chloro-3-Methylphenol,Cc1cc(O)ccc1Cl,Chlorinated phenol
10,8-Methoxy Fluoroquinolone,CC[C@@H]1CCN(C1)c2c(F)cc3C(=O)C(=CN(C4CC4)c3c2OC)C(=O)O,Fluoroquinolone
11,9-Aminoacridine,Nc1c2ccccc2nc3ccccc13,Acridine derivative
12,Acetyl sulfisoxazole,CC(=O)N(c1onc(C)c1C)S(=O)(=O)c2ccc(N)cc2,Sulfonamide
13,Acriflavine,[Cl-].C[n+]1c2cc(N)ccc2cc3ccc(N)cc13.Nc4ccc5cc6ccc(N)cc6nc5c4,Acridine derivative
14,Actinomycin D,CC(C)[C@H]1NC(=O)[C@@H](NC(=O)C2=C(N)C(=O)C(=C3Oc4c(C)ccc(C(=O)N[C@H]5[C@@H](C)OC(=O)[C@H](C(C)C)N(C)C(=O)CN(C)C(=O)[C@@H]6CCCN6C(=O)[C@H](NC5=O)C(C)C)c4N=C23)C)[C@@H](C)OC(=O)[C@H](C(C)C)N(C)C(=O)CN(C)C(=O)[C@@H]7CCCN7C1=O,Chromopeptide
15,Alafosfalin,C[C@H](N)C(=O)N[C@@H](C)P(=O)(O)O,Phosphonate
16,Alemcinal,CC[C@H]1OC(=O)[C@H](C)[C@@H](O[C@H]2C[C@](C)(C[C@H](C)O2)OC)[C@H](C)[C@@H](O[C@@H]3O[C@H](C)C[C@@H]([C@H]3O)N(C)CC)[C@@]4(C)CC(=C(O4)[C@H](C)[C@@H](O)[C@H]1C)C,macrolide
17,Amdinocillin,CC1(C)S[C@@H]2[C@H](N=CN3CCCCCC3)C(=O)N2[C@H]1C(=O)O,Beta-lactam
18,Amicycline,CN(C)[C@H]1[C@@H]2C[C@@H]3Cc4ccc(N)c(O)c4C(=O)C3=C(O)[C@]2(O)C(=O)C(=C1O)C(=O)N,Tetracycline
19,Amikacin,NCC[C@H](O)C(=O)N[C@@H]1C[C@H](N)[C@@H](O[C@H]2O[C@H](CN)[C@@H](O)[C@H](O)[C@H]2O)[C@H](O)[C@H]1O[C@H]3O[C@H](CO)[C@@H](O)[C@H](N)[C@H]3O,Aminoglycoside
20,Aminosalicylic acid,Nc1ccc(C(=O)O)c(O)c1,Aminosalicylate
21,Amoxicillin,CC1(C)S[C@@H]2[C@H](NC(=O)[C@H](N)c3ccc(O)cc3)C(=O)N2[C@H]1C(=O)O,Beta-lactam
22,Amphotericin B,C[C@@H]1OC(=O)C[C@H](O)C[C@H](O)CC[C@@H](O)[C@H](O)C[C@H](O)C[C@]2(O)C[C@H](O)[C@H]([C@H](C[C@@H](O[C@@H]3O[C@H](C)[C@@H](O)[C@H](N)[C@@H]3O)\C=C\C=C\C=C\C=C\C=C\C=C\C=C\[C@H](C)[C@@H](O)[C@H]1C)O2)C(=O)O,Polyene macrolide
23,Ampicillin,CC1(C)S[C@@H]2[C@H](NC(=O)[C@H](N)c3ccccc3)C(=O)N2[C@H]1C(=O)O,Beta-lactam
24,Apicycline,CN(C)[C@H]1[C@@H]2C[C@H]3C(=C(O)[C@]2(O)C(=O)C(=C1O)C(=O)NC(N4CCN(CCO)CC4)C(=O)O)C(=O)c5c(O)cccc5[C@@]3(C)O,Tetracycline
25,Arbekacin,NCC[C@H](O)C(=O)N[C@@H]1C[C@H](N)[C@@H](O[C@H]2O[C@H](CN)CC[C@H]2N)[C@H](O)[C@H]1O[C@H]3O[C@H](CO)[C@@H](O)[C@H](N)[C@H]3O,Aminoglycoside
26,Arylomycin,C[C@@H]1NC(=O)[C@@H](N(C)C(=O)[C@H](CCN)NC(=O)c2cnc(nc2C)c3ccc(cc3)C(C)(C)C)c4ccc(OCCN)c(c4)c5cc(C[C@H](NC1=O)C(=O)NCC#N)ccc5OCCN,Lipopeptide
27,Arylomycin+lipid tail,CCCCCCCCCCCCCCCC(=O)N(C)[C@H](CO)C(=O)N[C@H](C)C(=O)NCC(=O)N(C)[C@@H]1C(=O)N[C@@H](C)C(=O)N[C@@H](Cc2ccc(O)c(c2)c3cc1ccc3O)C(=O)O,Lipopeptide
28,Aspoxicillin,CNC(=O)C[C@@H](N)C(=O)N[C@@H](C(=O)N[C@H]1[C@H]2SC(C)(C)[C@@H](N2C1=O)C(=O)O)c3ccc(O)cc3,Beta-lactam
29,Astromicin,CO[C@H]1[C@@H](O)[C@H](N)[C@@H](O[C@H]2O[C@@H](CC[C@H]2N)[C@H](C)N)[C@H](O)[C@@H]1N(C)C(=O)CN,Aminoglycoside
30,Avibactam,NC(=O)[C@@H]1CC[C@@H]2CN1C(=O)N2OS(=O)(=O)O,Diazabicyclooctane
31,Azanidazole,Cn1c(\C=C\c2ccnc(N)n2)ncc1[N+](=O)[O-],nitroimidazole
32,Azidamfenicol,OC[C@@H](NC(=O)CN=[N]=N)[C@H](O)c1ccc(cc1)[N](=O)O,Amphenicol
33,Azidocillin,CC1(C)S[C@@H]2[C@H](NC(=O)[C@H](N=[N]=N)c3ccccc3)C(=O)N2[C@H]1C(=O)O,Beta-lactam
34,Azithromycin,CC[C@H]1OC(=O)[C@H](C)[C@@H](O[C@H]2C[C@@](C)(OC)[C@@H](O)[C@H](C)O2)[C@H](C)[C@@H](O[C@@H]3O[C@H](C)C[C@@H]([C@H]3O)N(C)C)[C@](C)(O)C[C@@H](C)CN(C)[C@H](C)[C@@H](O)[C@]1(C)O,macrolide
35,Azlocillin,CC1(C)S[C@@H]2[C@H](NC(=O)[C@H](NC(=O)N3CCNC3=O)c4ccccc4)C(=O)N2[C@H]1C(=O)O,Beta-lactam
36,Azotomycin,N[C@@H](CCC(=O)N[C@@H](CCC(=O)C=[N+]=[N-])C(=O)N[C@@H](CCC(=O)C=[N+]=[N-])C(=O)O)C(=O)O,macrolide
37,AZT (Zidovudine),CC1=CN([C@H]2C[C@H](N=[N+]=[N-])[C@@H](CO)O2)C(=O)NC1=O,Nucleoside
38,Aztreonam,C[C@H]1[C@H](NC(=O)C(=NOC(C)(C)C(=O)O)c2csc(N)n2)C(=O)N1S(=O)(=O)O,Beta-lactam
39,Bacampicillin,CCOC(=O)OC(C)OC(=O)[C@@H]1N2[C@H](SC1(C)C)[C@H](NC(=O)[C@H](N)c3ccccc3)C2=O,Beta-lactam
40,Bacitracin,CCC(C)C(N)C1=NC(CS1)C(=O)NC(CC(C)C)C(=O)NC(CCC(=O)O)C(=O)NC(C(C)CC)C(=O)NCCCCC2NC(=O)C(CC(=O)N)NC(=O)C(CC(=O)O)NC(=O)C(Cc3cnc[nH]3)NC(=O)C(Cc4ccccc4)NC(=O)C(NC(=O)C(CCCN)NC2=O)C(C)CC,polypeptide
41,Bacitracin A,CC[C@H](C)[C@H](N)C1=N[C@@H](CS1)C(=O)N[C@@H](CC(C)C)C(=O)N[C@H](CCC(=O)O)C(=O)N[C@@H]([C@@H](C)CC)C(=O)N[C@H]2CCCCNC(=O)[C@H](CC(=O)N)NC(=O)[C@@H](CC(=O)O)NC(=O)[C@H](Cc3cnc[nH]3)NC(=O)[C@@H](Cc4ccccc4)NC(=O)[C@@H](NC(=O)[C@@H](CCCN)NC2=O)[C@@H](C)CC,polypeptide
42,Bedaquiline,COc1nc2ccc(Br)cc2cc1[C@@H](c3ccccc3)[C@@](O)(CCN(C)C)c4cccc5ccccc45,Quinoline
43,Bekanamycin,NC[C@H]1O[C@H](O[C@@H]2[C@@H](N)C[C@@H](N)[C@H](O[C@H]3O[C@H](CO)[C@@H](O)[C@H](N)[C@H]3O)[C@H]2O)[C@H](N)[C@@H](O)[C@@H]1O,Aminoglycoside
44,Benzalkonium,CCCCCCCCCCCCC[N+](C)(C)Cc1ccccc1,Quaternary ammonium
45,Benzethonium,CC(C)(C)CC(C)(C)c1ccc(OCCOCC[N+](C)(C)Cc2ccccc2)cc1,Quaternary ammonium
46,Benznidazole,[O-][N+](=O)c1nccn1CC(=O)NCc2ccccc2,nitroimidazole
47,Benzoxonium,CCCCCCCCCCCC[N](CCO)(CCO)Cc1ccccc1,Quaternary ammonium
48,Benzoyl_peroxide,O=C(OOC(=O)c1ccccc1)c2ccccc2,Benzoyl peroxide
49,Benzylpenicillin,CC1(C)SC2C(NC(=O)Cc3ccccc3)C(=O)N2C1C(=O)O,Beta-lactam
50,Besifloxacin,N[C@@H]1CCCCN(C1)c2c(F)cc3C(=O)C(=CN(C4CC4)c3c2Cl)C(=O)O,Fluoroquinolone
51,Biapenem,C[C@@H](O)[C@@H]1[C@H]2[C@@H](C)C(=C(N2C1=O)C(=O)O)SC3C[n+]4cncn4C3,Beta-lactam
52,Bicozamycin,C[C@](O)(CO)[C@H](O)[C@@]12NC(=O)[C@@](O)(NC1=O)C(=C)CCO2,Azabicyclic
53,Bismuth Subcitrate Potassium,[K+].[K+].[K+].[K+].[K+].[Bi+3].OC(CC(=O)[O-])(CC(=O)[O-])C(=O)[O-].OC(CC(=O)[O-])(CC(=O)[O-])C(=O)[O-],Tricarboxylic acid
54,Bluensomycin,CN[C@H]1[C@H](O)[C@@H](O)[C@H](CO)O[C@H]1O[C@H]2[C@H](O[C@H]3[C@H](O)[C@@H](O)[C@H](OC(=O)N)[C@@H](O)[C@@H]3NC(=N)N)O[C@@H](C)[C@]2(O)CO,Aminoglycoside
55,Borrelidin,C[C@@H]1C[C@H](C)C[C@H](C)[C@@H](O)CC(=O)O[C@@H](C\C=C\C=C(\C#N)/[C@H](O)[C@@H](C)C1)[C@@H]2CCC[C@H]2C(=O)O,Macrolide
56,Brilacidin,NC(=N)NCCCCC(=O)Nc1cc(cc(NC(=O)c2cc(ncn2)C(=O)Nc3cc(cc(NC(=O)CCCCNC(=N)N)c3O[C@@H]4CCNC4)C(F)(F)F)c1O[C@@H]5CCNC5)C(F)(F)F,Arylamide
57,Brodimoprim,COc1cc(Cc2cnc(N)nc2N)cc(OC)c1Br,Trimethoprim
58,Butanoyl Fatty Acyl Polymyxin B,CCCC(=O)N[C@@H](CCN)C(=O)N[C@H]([C@@H](C)O)C(=O)N[C@@H](CCN)C(=O)N[C@H]1CCNC(=O)[C@H](NC(=O)[C@H](CCN)NC(=O)[C@H](CCN)NC(=O)[C@H](CC(C)C)NC(=O)[C@@H](Cc2ccccc2)NC(=O)[C@H](CCN)NC1=O)[C@@H](C)O,polymyxin
59,Butikacin,NCC[C@H](O)CN[C@@H]1C[C@H](N)[C@@H](O[C@H]2O[C@H](CN)[C@@H](O)[C@H](O)[C@H]2O)[C@H](O)[C@H]1O[C@H]3O[C@H](CO)[C@@H](O)[C@H](N)[C@H]3O,Aminoglycoside
60,Cadazolid,OC[C@H]1CN(C(=O)O1)c2ccc(OCC3(O)CCN(CC3)c4cc5N(C=C(C(=O)O)C(=O)c5cc4F)C6CC6)c(F)c2,oxazolidinone
61,Calcimycin,CNc1ccc2oc(C[C@H]3O[C@@]4(CC[C@H]3C)O[C@H]([C@H](C)C(=O)c5ccc[nH]5)[C@H](C)C[C@H]4C)nc2c1C(=O)O,polyether
62,Candicidin,CC(CC(C)C1OC(=O)CC(=O)CCCC(=O)CC(O)CC(O)CC(O)CC(=O)CC(O)C(C(O)CC(OC2O[C@H](C)[C@@H](O)[C@H](N)[C@@H]2O)\C=C\C=C\C=C\C=C\C=C\C=C\C=C\C1C)C(=O)O)C(O)CC(=O)c3ccc(N)cc3,macrolide
63,Capreomicin,C[C@@H]1NC(=O)[C@@H](N)CNC(=O)[C@@H](NC(=O)\C(=C\NC(=O)N)\NC(=O)[C@H](CNC(=O)CC(N)CCCN)NC1=O)C2CCNC(=N)N2,polypeptide
64,Carbapenem-3-Carboxylic Acid,OC(=O)C1=CC[C@@H]2CC(=O)N12,Beta-lactam
65,Carbenicillin,CC1(C)S[C@@H]2[C@H](NC(=O)C(C(=O)O)c3ccccc3)C(=O)N2[C@H]1C(=O)O,Beta-lactam
66,Carbomycin,CO[C@H]1[C@@H](CC(=O)O[C@H](C)C[C@H]2O[C@H]2\C=C\C(=O)[C@H](C)C[C@H](CC=O)[C@@H]1O[C@@H]3O[C@H](C)[C@@H](O[C@H]4C[C@@](C)(O)[C@@H](OC(=O)CC(C)C)[C@H](C)O4)[C@@H]([C@H]3O)N(C)C)OC(=O)C,macrolide
67,Carfecillin,CC1(C)S[C@@H]2[C@H](NC(=O)C(C(=O)Oc3ccccc3)c4ccccc4)C(=O)N2[C@H]1C(=O)O,Beta-lactam
68,Carindacillin,CC1(C)S[C@@H]2[C@H](NC(=O)C(C(=O)Oc3ccc4CCCc4c3)c5ccccc5)C(=O)N2[C@H]1C(=O)O,Beta-lactam
69,CCCP (Carbonyl cyanide 3-chlorophenylhydrazone),Clc1cccc(NN=C(C#N)C#N)c1,Hydrazone
70,Cefacetrile,CC(=O)OCC1=C(N2[C@H](SC1)[C@H](NC(=O)CC#N)C2=O)C(=O)O,Beta-lactam
71,Cefaclor,N[C@@H](C(=O)N[C@H]1[C@H]2SCC(=C(N2C1=O)C(=O)O)Cl)c3ccccc3,Beta-lactam
72,Cefadroxil,CC1=C(N2[C@H](SC1)[C@H](NC(=O)C(N)c3ccc(O)cc3)C2=O)C(=O)O,Beta-lactam
73,Cefalexin,CC1=C(N2[C@H](SC1)[C@H](NC(=O)[C@H](N)c3ccccc3)C2=O)C(=O)O,Beta-lactam
74,Cefaloridine,OC(=O)C1=C(C[n+]2ccccc2)CS[C@@H]3[C@H](NC(=O)Cc4cccs4)C(=O)N13,Beta-lactam
75,Cefalotin,CC(=O)OCC1=C(N2[C@H](SC1)[C@H](NC(=O)Cc3cccs3)C2=O)C(=O)O,Beta-lactam
76,Cefamandole,Cn1nnnc1SCC2=C(N3[C@H](SC2)[C@H](NC(=O)[C@H](O)c4ccccc4)C3=O)C(=O)O,Beta-lactam
77,Cefamandole_nafate,Cn1nnnc1SCC2=C(N3C(SC2)C(NC(=O)C(OC=O)c4ccccc4)C3=O)C(=O)O,Beta-lactam
78,Cefapirin,CC(=O)OCC1=C(N2[C@H](SC1)[C@H](NC(=O)CSc3ccncc3)C2=O)C(=O)O,Beta-lactam
79,Cefatrizine,N[C@@H](C(=O)N[C@H]1[C@H]2SCC(=C(N2C1=O)C(=O)O)CSc3cnn[nH]3)c4ccc(O)cc4,Beta-lactam
80,Cefazedone,Cc1nnc(SCC2=C(N3[C@H](SC2)[C@H](NC(=O)CN4C=C(Cl)C(=O)C(=C4)Cl)C3=O)C(=O)O)s1,Beta-lactam
81,Cefazolin,Cc1nnc(SCC2=C(N3[C@H](SC2)[C@H](NC(=O)Cn4cnnn4)C3=O)C(=O)O)s1,Beta-lactam
82,Cefbuperazone,CCN1CCN(C(=O)N[C@H]([C@H](C)O)C(=O)N[C@@]2(OC)[C@H]3SCC(=C(N3C2=O)C(=O)O)CSc4nnnn4C)C(=O)C1=O,Beta-lactam
83,Cefcapene,CCC=C(C(=O)N[C@H]1[C@H]2SCC(=C(N2C1=O)C(=O)O)COC(=O)N)c3csc(N)n3,Beta-lactam
84,Cefdinir,Nc1nc(cs1)C(=NO)C(=O)N[C@H]2[C@H]3SCC(=C(N3C2=O)C(=O)O)C=C,Beta-lactam
85,Cefditoren,CON=C(C(=O)N[C@H]1[C@H]2SCC(=C(N2C1=O)C(=O)OCOC(=O)C(C)(C)C)C=Cc3scnc3C)c4csc(N)n4,Beta-lactam
86,Cefditoren Pivoxil,CO\N=C(/C(=O)N[C@H]1[C@H]2SCC(=C(N2C1=O)C(=O)OCOC(=O)C(C)(C)C)\C=C/c3scnc3C)\c4csc(N)n4,Beta-lactam
87,Cefepime,CON=C(C(=O)N[C@H]1[C@H]2SCC(=C(N2C1=O)C(=O)O)C[N]3(C)CCCC3)c4csc(N)n4,Beta-lactam
88,Cefetamet,CON=C(C(=O)N[C@H]1[C@H]2SCC(=C(N2C1=O)C(=O)O)C)c3csc(N)n3,Beta-lactam
89,Cefiderocol,CC(C)(ON=C(C(=O)N[C@H]1[C@H]2SCC(=C(N2C1=O)C(=O)O)C[N]3(CCNC(=O)c4ccc(O)c(O)c4Cl)CCCC3)c5csc(N)n5)C(=O)O,Beta-lactam
90,Cefixime,Nc1nc(cs1)C(=NOCC(=O)O)C(=O)N[C@H]2[C@H]3SCC(=C(N3C2=O)C(=O)O)C=C,Beta-lactam
91,Cefmenoxime,CON=C(C(=O)N[C@H]1[C@H]2SCC(=C(N2C1=O)C(=O)O)CSc3nnnn3C)c4csc(N)n4,Beta-lactam
92,Cefmetazole,CO[C@]1(NC(=O)CSCC#N)[C@H]2SCC(=C(N2C1=O)C(=O)O)CSc3nnnn3C,Beta-lactam
93,Cefminox,CO[C@]1(NC(=O)CSC[C@@H](N)C(=O)O)[C@H]2SCC(=C(N2C1=O)C(=O)O)CSc3nnnn3C,Beta-lactam
94,Cefodizime,CON=C(C(=O)N[C@H]1[C@H]2SCC(=C(N2C1=O)C(=O)O)CSc3nc(C)c(CC(=O)O)s3)c4csc(N)n4,Beta-lactam
95,Cefonicid,O[C@@H](C(=O)N[C@H]1[C@H]2SCC(=C(N2C1=O)C(=O)O)CSc3nnnn3CS(=O)(=O)O)c4ccccc4,Beta-lactam
96,Cefoperazone,CCN1CCN(C(=O)NC(C(=O)NC2C3SCC(=C(N3C2=O)C(=O)O)CSc4nnnn4C)c5ccc(O)cc5)C(=O)C1=O,Beta-lactam
97,Ceforanide,NCc1ccccc1CC(=O)N[C@H]2[C@H]3SCC(=C(N3C2=O)C(=O)O)CSc4nnnn4CC(=O)O,Beta-lactam
98,Cefoselis,CON=C(C(=O)N[C@H]1[C@H]2SCC(=C(N2C1=O)C(=O)O)C[n+]3ccc(N)n3CCO)c4csc(N)n4,Beta-lactam
99,Cefotaxime,CON=C(C(=O)N[C@H]1[C@H]2SCC(=C(N2C1=O)C(=O)O)COC(=O)C)c3csc(N)n3,Beta-lactam
100,Cefotetan,CO[C@]1(NC(=O)C2SC(=C(C(=O)N)C(=O)O)S2)[C@H]3SCC(=C(N3C1=O)C(=O)O)CSc4nnnn4C,Beta-lactam
101,Cefotiam,CN(C)CCn1nnnc1SCC2=C(N3[C@H](SC2)[C@H](NC(=O)Cc4csc(N)n4)C3=O)C(=O)O,Beta-lactam
102,Cefoxitin,CO[C@]1(NC(=O)Cc2cccs2)[C@H]3SCC(=C(N3C1=O)C(=O)O)COC(=O)N,Beta-lactam
103,Cefozopran,CON=C(C(=O)N[C@H]1[C@H]2SCC(=C(N2C1=O)C(=O)O)C[n+]3ccn4ncccc34)c5nsc(N)n5,Beta-lactam
104,Cefpiramide,Cc1cc(O)c(cn1)C(=O)N[C@@H](C(=O)N[C@H]2[C@H]3SCC(=C(N3C2=O)C(=O)O)CSc4nnnn4C)c5ccc(O)cc5,Beta-lactam
105,Cefpirome,CON=C(C(=O)N[C@H]1[C@H]2SCC(=C(N2C1=O)C(=O)O)C[n+]3cccc4CCCc34)c5csc(N)n5,Beta-lactam
106,Cefpodoxime,COCC1=C(N2[C@H](SC1)[C@H](NC(=O)C(=NOC)c3csc(N)n3)C2=O)C(=O)O,Beta-lactam
107,Cefpodoxime Proxetil,COCC1=C(N2[C@H](SC1)[C@H](NC(=O)\C(=N/OC)\c3csc(N)n3)C2=O)C(=O)OC(C)OC(=O)OC(C)C,Beta-lactam
108,Cefpodoxime_proxetil,COCC1=C(N2[C@H](SC1)[C@H](NC(=O)C(=NOC)c3csc(N)n3)C2=O)C(=O)OC(C)OC(=O)OC(C)C,Beta-lactam
109,Cefprozil,CC=CC1=C(N2[C@H](SC1)[C@H](NC(=O)[C@H](N)c3ccc(O)cc3)C2=O)C(=O)O,Beta-lactam
110,Cefroxadine,COC1=C(N2[C@H](SC1)[C@H](NC(=O)[C@H](N)C3=CCC=CC3)C2=O)C(=O)O,Beta-lactam
111,Cefsulodin,NC(=O)c1cc[n+](CC2=C(N3[C@H](SC2)[C@H](NC(=O)C(c4ccccc4)S(=O)(=O)O)C3=O)C(=O)O)cc1,Beta-lactam
112,Ceftaroline_fosamil,CCON=C(C(=O)N[C@H]1[C@H]2SCC(=C(N2C1=O)C(=O)O)Sc3nc(cs3)c4cc[n+](C)cc4)c5nsc(NP(=O)(O)O)n5,Beta-lactam
113,Ceftazidime,CC(C)(O\N=C(/C(=O)N[C@H]1[C@H]2SCC(=C(N2C1=O)C(=O)[O-])C[n+]3ccccc3)\c4csc(N)n4)C(=O)O,Beta-lactam
114,Ceftezole,OC(=O)C1=C(CSc2nncs2)CS[C@@H]3[C@H](NC(=O)Cn4cnnn4)C(=O)N13,Beta-lactam
115,Ceftibuten,Nc1nc(cs1)C(=CCC(=O)O)C(=O)N[C@H]2[C@H]3SCC=C(N3C2=O)C(=O)O,Beta-lactam
116,Ceftizoxime,CON=C(C(=O)N[C@H]1[C@H]2SCC=C(N2C1=O)C(=O)O)c3csc(N)n3,Beta-lactam
117,Ceftobiprole,Nc1nc(ns1)C(=NO)C(=O)N[C@H]2[C@H]3SCC(=C(N3C2=O)C(=O)O)C=C4CCN([C@@H]5CCNC5)C4=O,Beta-lactam
118,Ceftobiprole_medocaril,CC1=C(COC(=O)N2CC[C@H](C2)N3CCC(=CC4=C(N5[C@H](SC4)[C@H](NC(=O)C(=NO)c6nsc(N)n6)C5=O)C(=O)O)C3=O)OC(=O)O1,Beta-lactam
119,Ceftolozane,Cn1c(N)c(NC(=O)NCCN)c[n+]1CC2=C(N3[C@H](SC2)[C@H](NC(=O)C(=NOC(C)(C)C(=O)O)c4nsc(N)n4)C3=O)C(=O)O,Beta-lactam
120,Ceftriaxone,CON=C(C(=O)N[C@H]1[C@H]2SCC(=C(N2C1=O)C(=O)O)CSC3=NC(=O)C(=O)NN3C)c4csc(N)n4,Beta-lactam
121,Cefuroxime,CON=C(C(=O)N[C@H]1[C@H]2SCC(=C(N2C1=O)C(=O)O)COC(=O)N)c3occc3,Beta-lactam
122,Cefuroxime_axetil,CON=C(C(=O)N[C@H]1[C@H]2SCC(=C(N2C1=O)C(=O)OC(C)OC(=O)C)COC(=O)N)c3occc3,Beta-lactam
123,Cephalexin,CC1=C(N2C(SC1)C(NC(=O)C(N)c3ccccc3)C2=O)C(=O)O,Bata-lactam
124,Cephaloglycin,CC(=O)OCC1=C(N2[C@H](SC1)[C@H](NC(=O)[C@H](N)c3ccccc3)C2=O)C(=O)O,Beta-lactam
125,Cephalothin,CC(=O)OCC1=C(N2C(SC1)C(NC(=O)Cc3cccs3)C2=O)C(=O)O,Bata-lactam
126,Cephradine,CC1=C(N2C(SC1)[C@H](NC(=O)[C@H](N)C3=CCC=CC3)C2=O)C(=O)O,Beta-lactam
127,Cethromycin,CC[C@H]1OC(=O)[C@H](C)C(=O)[C@H](C)[C@@H](O[C@@H]2O[C@H](C)C[C@@H]([C@H]2O)N(C)C)[C@@](C)(C[C@@H](C)C(=O)[C@H](C)[C@H]3NC(=O)O[C@]13C)OCC=Cc4cnc5ccccc5c4,macrolide
128,Cetocycline,CC(=O)C1=C(O)[C@H](N)[C@@H]2Cc3c(C)c4ccc(C)c(O)c4c(O)c3C(=O)[C@]2(O)C1=O,Tetracycline
129,Cetrimonium,CCCCCCCCCCCCCCCC[N+](C)(C)C,Quaternary ammonium
130,Cetylpyridinium,CCCCCCCCCCCCCCCC[n+]1ccccc1,Quaternary ammonium
131,CHEMBL1089938,CCC(C)CCCCC(=O)N[C@@H](CCNC(=O)n1ccc2ccccc12)C(=O)N[C@H]([C@@H](C)O)C(=O)N[C@@H](CCNC(=O)n3ccc4ccccc34)C(=O)N[C@H]5CCNC(=O)[C@H](NC(=O)[C@H](CCNC(=O)n6ccc7ccccc67)NC(=O)[C@H](CCNC(=O)n8ccc9ccccc89)NC(=O)[C@H](CC(C)C)NC(=O)[C@@H](Cc%10ccccc%10)NC(=O)[C@H](CCN)NC5=O)[C@@H](C)O,Macrolide
132,CHEMBL1090255,CCC(C)CCCCC(=O)N[C@@H](CCNCc1c(O)c(C)ncc1COP(=O)(O)O)C(=O)N[C@H]([C@@H](C)O)C(=O)N[C@@H](CCNCc2c(O)c(C)ncc2COP(=O)(O)O)C(=O)N[C@H]3CCNC(=O)[C@H](NC(=O)[C@H](CCNCc4c(O)c(C)ncc4COP(=O)(O)O)NC(=O)[C@H](CCNCc5c(O)c(C)ncc5COP(=O)(O)O)NC(=O)[C@H](CC(C)C)NC(=O)[C@@H](Cc6ccccc6)NC(=O)[C@H](CCN)NC3=O)[C@@H](C)O,Macrolide
133,CHEMBL1090629,CCC(C)CCCCC(=O)N[C@@H](CCNC(=O)CCCCC(=O)O)C(=O)N[C@@H]([C@@H](C)O)C(=O)N[C@@H](CCNC(=O)CCCCC(=O)O)C(=O)N[C@H]1CCNC(=O)[C@@H](NC(=O)[C@H](CCNC(=O)CCCCC(=O)O)NC(=O)[C@H](CCNC(=O)CCCCC(=O)O)NC(=O)[C@H](CC(C)C)NC(=O)[C@@H](Cc2ccccc2)NC(=O)[C@@H](CCCNC(=O)CCCCC(=O)O)NC1=O)[C@@H](C)O,Macrolide
134,CHEMBL1908336,CCOC(=O)[C@@H]1CC(=O)O[C@H](C)C\C=C\C=C\[C@H](O)[C@H](C)C[C@H](CC=O)[C@H](O[C@@H]2O[C@H](C)[C@@H](O[C@H]3C[C@@](C)(O)[C@@H](OC(=O)CC)[C@H](C)O3)[C@@H]([C@H]2O)N(C)C)[C@H]1OC,macrolide
135,CHEMBL2103891,CC[C@H](C)C(=O)O[C@@H](C)[C@@]1(O)[C@H](C)O[C@H](C[C@@H]1OC)O[C@H]2[C@@H](O)[C@@H](O[C@H](COC(=O)C)[C@H]2OC(=O)C(CC(C)SC[C@H](NC(=O)C)C(=O)O)NC(=S)SC[C@H](NC(=O)C)C(=O)O)[C@@]3(O)CC(=O)C(=C(C(=O)O)C3=O)N,paulomycin
136,CHEMBL217361,CCCCc1ccc(CN2CCN(Cc3c(O)cc4[C@@H](NC(=O)C5NC(=O)C(NC(=O)C6NC(=O)C7NC(=O)C(Cc8ccc(Oc9cc6cc(Oc%10ccc(cc%10Cl)C5O)c9O)c(Cl)c8)NC(=O)C(N)c%11ccc(O)c(Oc%12cc(O)cc7c%12)c%11)c%13ccc(O)c(c%13)c4c3O)C(=O)NC)CC2)cc1,Glycopeptide
137,CHEMBL217364,OC1C2NC(=O)C(NC(=O)C3NC(=O)C4NC(=O)C(Cc5ccc(Oc6cc3cc(Oc7ccc1cc7Cl)c6O)c(Cl)c5)NC(=O)C(NC(=O)OC89CC%10CC(CC(C%10)C8)C9)c%11ccc(O)c(Oc%12cc(O)cc4c%12)c%11)c%13ccc(O)c(c%13)c%14c(O)cc(O)cc%14[C@@H](NC2=O)C(=O)O,Glycopeptide
138,CHEMBL217475,NCCCCCCNC(=O)[C@@H]1NC(=O)C2NC(=O)C(NC(=O)C3NC(=O)C4NC(=O)C(Cc5ccc(Oc6cc3cc(Oc7ccc(cc7Cl)C2O)c6O)c(Cl)c5)NC(=O)C(N)c8ccc(O)c(Oc9cc(O)cc4c9)c8)c%10ccc(O)c(c%10)c%11c(O)cc(O)cc1%11,Glycopeptide
139,CHEMBL223520,NC[C@@H]1O[C@@H](O[C@@H]2[C@@H](N)C[C@@H](N)[C@H](O[C@H]3O[C@H](CO)[C@@H](O)[C@H](N)[C@H]3O)[C@H]2O)[C@@H](O)[C@H](O)[C@H]1O,Aminoglycoside
140,CHEMBL262268,CC[C@H]1OC(=O)[C@H](C)[C@@H](O[C@H]2C[C@@](C)(OC)[C@](O)([C@H](C)O2)c3ccccn3)[C@H](C)[C@@H](O[C@@H]4O[C@H](C)C[C@@H]([C@H]4O)N(C)C)[C@](C)(O)C[C@@H](C)CN[C@H](C)[C@@H](O)[C@]1(C)O,macrolide
141,CHEMBL262586,NC1Cc2ccc(Oc3cc4cc(Oc5ccc(cc5Cl)C(O)C6NC(=O)C(NC(=O)C4NC(=O)C(NC1=O)c7cc(O)cc(Oc8cc(ccc8O)C9NC(=S)N(C9=O)c%10ccccc%10)c7)c%11ccc(O)c(c%11)c%12c(O)c(CNC%13C%14CC%15CC(CC%13C%15)C%14)c(O)cc%12[C@@H](NC6=O)C(=O)O)c3O)c(Cl)c2,Glycopeptide
142,CHEMBL263485,CC(C)CC(N(C)C(=O)OC(C)(C)C)C(=O)NC1C(O)c2ccc(Oc3cc4cc(Oc5ccc(cc5)C(O)C6NC(=O)C(NC(=O)C4NC(=O)C(CC(=O)N)NC1=O)c7ccc(O)c(c7)c8c(O)c(CN9CCN(Cc%10ccc(cc%10)c%11ccccc%11)CC9)c(O)cc8[C@@H](NC6=O)C(=O)O)c3O)c(Cl)c2,Glycopeptide
143,CHEMBL263857,CNC(=O)[C@@H]1NC(=O)C2NC(=O)C(NC(=O)C3NC(=O)C4NC(=O)C(Cc5ccc(Oc6cc3cc(Oc7ccc(cc7Cl)C2O)c6O)c(Cl)c5)NC(=O)C(N)c8ccc(O)c(Oc9cc(O)cc4c9)c8)c%10ccc(O)c(c%10)c%11c(O)c(CNC%12C%13CC%14CC(CC%12C%14)C%13)c(O)cc1%11,Glycopeptide
144,CHEMBL263996,COc1cc(cc(OC)c1OC)c2oc3cc(C[C@H]4NC(=O)[C@@H](NC(=O)CNC(=O)[C@H](CO)NC(=O)[C@H](NC(=O)[C@@H](NC4=O)[C@H](O)[C@@H]5CN=C(N)N5)[C@@H](O)[C@@H]6CN=C(N)N6[C@H]7O[C@H](CO)[C@@H](O)[C@H](O)[C@@H]7O)[C@@H](C)c8ccccc8)ccc3n2,Glycopeptide
145,CHEMBL263998,CNC(=O)[C@@H]1NC(=O)C2NC(=O)C(NC(=O)C3NC(=O)C4NC(=O)C(Cc5ccc(Oc6cc3cc(Oc7ccc(cc7Cl)C2O)c6O)c(Cl)c5)NC(=O)C(NC(=O)OC(C)(C)C)c8ccc(O)c(Oc9cc(O)cc4c9)c8)c%10ccc(O)c(c%10)c%11c(O)cc(O)cc1%11,Glycopeptide
146,CHEMBL264829,COC(=O)[C@@H]1NC(=O)C2NC(=O)C(NC(=O)C(N)c3cc(Oc4ccc(CC(NC(=O)OCc5ccccc5)C(=O)O)cc4Cl)c(O)c(Oc6ccc(cc6Cl)C2O)c3)c7ccc(O)c(c7)c8c(O)cc(O)cc18,Glycopeptide
147,CHEMBL265142,COC(=O)[C@@H]1NC(=O)C2NC(=O)C(NC(=O)C3NC(=O)C4NC(=O)C(Cc5ccc(Oc6cc3cc(Oc7ccc(cc7Cl)C2O)c6O)c(Cl)c5)NC(=O)C(N)c8ccc(O)c(Oc9cc(O)cc4c9)c8)c%10ccc(O)c(c%10)c%11c(O)cc(O)cc1%11,Glycopeptide
148,CHEMBL266527,CNC1C(=O)NC2Cc3ccc(Oc4cc5cc(Oc6ccc(cc6Cl)C(O)C7NC(=O)C(NC(=O)C5NC(=O)C(NC2=O)c8cc(Oc9cc1ccc9O)cc(O)c8Cl)c%10ccc(O)c(c%10)c%11c(O)cc(O)cc%11[C@@H](NC7=O)C(=O)O)c4O)cc3,Glycopeptide
149,CHEMBL266841,CNC1C(=O)NC2Cc3ccc(Oc4cc5cc(Oc6ccc(cc6Cl)C(O)C7NC(=O)C(NC(=O)C5NC(=O)C(NC2=O)c8cc(Oc9cc1ccc9O)cc(O)c8Cl)c%10ccc(O)c(c%10)c%11c(O)cc(O)cc%11[C@@H](NC7=O)C(=O)O)c4OC%12OC(C(O)C(O)C%12N)C(=O)O)cc3,Glycopeptide
150,CHEMBL267216,COC(=O)[C@@H]1NC(=O)C2NC(=O)C(NC(=O)C(NC(=O)OC(C)(C)C)c3cc(Oc4ccc(CC(NC(=O)OCc5ccccc5)C(=O)O)cc4Cl)c(O)c(Oc6ccc(cc6Cl)C2O)c3)c7ccc(O)c(c7)c8c(O)c(CNC9C%10CC%11CC(CC9C%11)C%10)c(O)cc18,Glycopeptide
151,CHEMBL267368,CC(C)(C)OC(=O)NC1C(=O)NC2Cc3ccc(Oc4cc5cc(Oc6ccc(cc6Cl)C(O)C7NC(=O)C(NC(=O)C5NC(=O)C(NC2=O)c8cc(O)cc(Oc9cc1ccc9O)c8)c%10ccc(O)c(c%10)c%11c(O)cc(O)cc%11[C@@H](NC7=O)C(=O)O)c4O)c(Cl)c3,Glycopeptide
152,CHEMBL267410,CN(Cc1ccc(Cl)cc1)Cc2c(O)cc3[C@@H](NC(=O)C4NC(=O)C(NC(=O)C5NC(=O)C6NC(=O)C(Cc7ccc(Oc8cc5cc(Oc9ccc(cc9Cl)C4O)c8O)c(Cl)c7)NC(=O)C(N)c%10ccc(O)c(Oc%11cc(O)cc6c%11)c%10)c%12ccc(O)c(c%12)c3c2O)C(=O)O,Glycopeptide
153,CHEMBL267424,CN[C@H](CC(C)C)C(=O)N[C@@H]1[C@H](O)c2ccc(Oc3cc4cc(Oc5ccc(cc5)[C@@H](O[C@H]6C[C@](C)(N)[C@@H](O)[C@H](C)O6)[C@@H]7NC(=O)[C@H](NC(=O)[C@@H]4NC(=O)[C@H](CC(=O)N)NC1=O)c8ccc(O)c(c8)c9c(O)cc(O)cc9[C@H](NC7=O)C(=O)NCc%10ccc(cc%10)c%11ccc(Cl)cc%11)c3O[C@@H]%12O[C@H](CO)[C@@H](O)[C@H](O)[C@H]%12O[C@H]%13C[C@](C)(N)[C@@H](O)[C@H](C)O%13)c(Cl)c2,Glycopeptide
154,CHEMBL267827,C[C@H]([C@@H]1NC(=O)CNC(=O)[C@H](CO)NC(=O)[C@H](NC(=O)[C@@H](NC(=O)[C@@H](Cc2ccc3nc(oc3c2)c4ccc(cc4)C(C)(C)C)NC1=O)[C@H](O)[C@@H]5CN=C(N)N5)[C@@H](O)[C@@H]6CN=C(N)N6[C@H]7O[C@H](CO)[C@@H](O)[C@H](O)[C@@H]7O)c8ccccc8,Glycopeptide
155,CHEMBL267982,COC(=O)[C@@H]1NC(=O)C2NC(=O)C(NC(=O)C3NC(=O)C4NC(=O)C(NC(=O)C(N)c5ccc(O)c(Oc6cc4cc(O)c6C)c5)C(O)c7ccc(Oc8cc3cc(Oc9ccc(cc9)C2O)c8O)cc7)c%10ccc(O)c(c%10)c%11c(O)cc(O)cc1%11,Glycopeptide
156,CHEMBL268062,C[C@H]([C@@H]1NC(=O)CNC(=O)[C@H](CO)NC(=O)[C@H](NC(=O)[C@@H](NC(=O)[C@@H](Cc2ccc3nc(oc3c2)c4ccc(Oc5ccc(C)cc5)cc4)NC1=O)[C@H](O)[C@@H]6CN=C(N)N6)[C@@H](O)[C@@H]7CN=C(N)N7[C@H]8O[C@H](CO)[C@@H](O)[C@H](O)[C@@H]8O)c9ccccc9,Glycopeptide
157,CHEMBL269379,OC1C2NC(=O)C(NC(=O)C3NC(=O)C4NC(=O)C(Cc5ccc(Oc6cc3cc(Oc7ccc1cc7Cl)c6O)c(Cl)c5)NC(=O)C(NC(=O)OCc8ccccc8)c9ccc(O)c(Oc%10cc(O)cc4c%10)c9)c%11ccc(O)c(c%11)c%12c(O)cc(O)cc%12[C@@H](NC2=O)C(=O)O,Glycopeptide
158,CHEMBL276496,C[C@H]([C@@H]1NC(=O)CNC(=O)[C@H](CO)NC(=O)[C@H](NC(=O)[C@@H](NC(=O)[C@@H](Cc2ccc3nc(oc3c2)c4occc4)NC1=O)[C@H](O)[C@@H]5CN=C(N)N5)[C@@H](O)[C@@H]6CN=C(N)N6[C@H]7O[C@H](CO)[C@@H](O)[C@H](O)[C@@H]7O)c8ccccc8,Glycopeptide
159,CHEMBL277081,C[C@H]([C@@H]1NC(=O)CNC(=O)[C@H](CO)NC(=O)[C@H](NC(=O)[C@@H](NC(=O)[C@@H](Cc2ccc3nc(oc3c2)SCc4ccc(cc4)c5ccccc5)NC1=O)[C@H](O)[C@@H]6CN=C(N)N6)[C@@H](O)[C@@H]7CN=C(N)N7[C@H]8O[C@H](CO)[C@@H](O)[C@H](O)[C@@H]8O)c9ccccc9,Glycopeptide
160,CHEMBL288543,COc1ccc(cc1)C(OCCn2c(C)ncc2[N+](=O)[O-])c3ccccc3,nitroimidazole
161,CHEMBL291595,CC[C@H]1OC(=O)[C@H](C)[C@@H](O[C@H]2C[C@@](C)(OC)[C@](O)([C@H](C)O2)c3nccn3C)[C@H](C)[C@@H](O[C@@H]4O[C@H](C)C[C@@H]([C@H]4O)N(C)C)[C@](C)(O)C[C@@H](C)CN(C)[C@H](C)[C@@H](O)[C@]1(C)O,macrolide
162,CHEMBL292025,CC[C@H]1OC(=O)[C@H](C)[C@@H](O[C@H]2C[C@@](C)(OC)[C@](O)([C@H](C)O2)c3ccccc3)[C@H](C)[C@@H](O[C@@H]4O[C@H](C)C[C@@H]([C@H]4O)N(C)C)[C@](C)(O)C[C@@H](C)CN[C@H](C)[C@@H](O)[C@]1(C)O,macrolide
163,CHEMBL292174,CC[C@H]1OC(=O)[C@H](C)[C@@H](O[C@H]2C[C@@](C)(OC)[C@@](O)(C#C)[C@H](C)O2)[C@H](C)[C@@H](O[C@@H]3O[C@H](C)C[C@@H]([C@H]3O)N(C)C)[C@](C)(O)C[C@@H](C)CN(C)[C@H](C)[C@@H](O)[C@]1(C)O,macrolide
164,CHEMBL292597,CC[C@H]1OC(=O)[C@H](C)[C@@H](O[C@H]2C[C@@](C)(OC)[C@@](O)(CC=C)[C@H](C)O2)[C@H](C)[C@@H](O[C@@H]3O[C@H](C)C[C@@H]([C@H]3O)N(C)C)[C@](C)(O)C[C@@H](C)CN[C@H](C)[C@@H](O)[C@]1(C)O,macrolide
165,CHEMBL293343,CC[C@H]1OC(=O)[C@H](C)[C@@H](O[C@H]2C[C@@](C)(OC)[C@@](O)(CCO)[C@H](C)O2)[C@H](C)[C@@H](O[C@@H]3O[C@H](C)C[C@@H]([C@H]3O)N(C)C)[C@](C)(O)C[C@@H](C)CN[C@H](C)[C@@H](O)[C@]1(C)O,macrolide
166,CHEMBL293566,CC[C@H]1OC(=O)[C@H](C)[C@@H](O[C@H]2C[C@@](C)(OC)[C@@](O)(C#CCN(C)C)[C@H](C)O2)[C@H](C)[C@@H](O[C@@H]3O[C@H](C)C[C@@H]([C@H]3O)N(C)C)[C@](C)(O)C[C@@H](C)CN(C)[C@H](C)[C@@H](O)[C@]1(C)O,macrolide
167,CHEMBL294149,CC[C@H]1OC(=O)[C@H](C)[C@@H](O[C@H]2C[C@@](C)(OC)[C@](O)([C@H](C)O2)c3occc3)[C@H](C)[C@@H](O[C@@H]4O[C@H](C)C[C@@H]([C@H]4O)N(C)C)[C@](C)(O)C[C@@H](C)CN[C@H](C)[C@@H](O)[C@]1(C)O,macrolide
168,CHEMBL294380,CC[C@H]1OC(=O)[C@H](C)[C@@H](O[C@H]2C[C@@](C)(OC)[C@@](O)(CCCOC)[C@H](C)O2)[C@H](C)[C@@H](O[C@@H]3O[C@H](C)C[C@@H]([C@H]3O)N(C)C)[C@](C)(O)C[C@@H](C)CN(C)[C@H](C)[C@@H](O)[C@]1(C)O,macrolide
169,CHEMBL298584,CC[C@H]1OC(=O)[C@H](C)[C@@H](O[C@H]2C[C@@](C)(OC)[C@@](O)(C#C)[C@H](C)O2)[C@H](C)[C@@H](O[C@@H]3O[C@H](C)C[C@@H]([C@H]3O)N(C)C)[C@](C)(O)C[C@@H](C)CN[C@H](C)[C@@H](O)[C@]1(C)O,macrolide
170,CHEMBL299450,CC[C@H]1OC(=O)[C@H](C)[C@@H](O[C@H]2C[C@@](C)(OC)[C@@](O)(C#CCOC)[C@H](C)O2)[C@H](C)[C@@H](O[C@@H]3O[C@H](C)C[C@@H]([C@H]3O)N(C)C)[C@](C)(O)C[C@@H](C)CN(C)[C@H](C)[C@@H](O)[C@]1(C)O,macrolide
171,CHEMBL299665,CC[C@H]1OC(=O)[C@H](C)[C@@H](O[C@H]2C[C@@](C)(OC)[C@@](O)(C#CCN(C)C)[C@H](C)O2)[C@H](C)[C@@H](O[C@@H]3O[C@H](C)C[C@@H]([C@H]3O)N(C)C)[C@](C)(O)C[C@@H](C)CN[C@H](C)[C@@H](O)[C@]1(C)O,macrolide
172,CHEMBL300372,CCCC[C@@]1(O)[C@H](C)O[C@H](C[C@@]1(C)OC)O[C@H]2[C@H](C)[C@@H](O[C@@H]3O[C@H](C)C[C@@H]([C@H]3O)N(C)C)[C@](C)(O)C[C@@H](C)CN[C@H](C)[C@@H](O)[C@](C)(O)[C@@H](CC)OC(=O)[C@@H]2C,macrolide
173,CHEMBL300373,CCC[C@@]1(O)[C@H](C)O[C@H](C[C@@]1(C)OC)O[C@H]2[C@H](C)[C@@H](O[C@@H]3O[C@H](C)C[C@@H]([C@H]3O)N(C)C)[C@](C)(O)C[C@@H](C)CN[C@H](C)[C@@H](O)[C@](C)(O)[C@@H](CC)OC(=O)[C@@H]2C,macrolide
174,CHEMBL300816,CC[C@H]1OC(=O)[C@H](C)[C@@H](O[C@H]2C[C@@](C)(OC)[C@@](O)(C=C)[C@H](C)O2)[C@H](C)[C@@H](O[C@@H]3O[C@H](C)C[C@@H]([C@H]3O)N(C)C)[C@](C)(O)C[C@@H](C)CN[C@H](C)[C@@H](O)[C@]1(C)O,macrolide
175,CHEMBL301375,CC[C@H]1OC(=O)[C@H](C)[C@@H](O[C@H]2C[C@@](C)(OC)[C@@](O)(CC)[C@H](C)O2)[C@H](C)[C@@H](O[C@@H]3O[C@H](C)C[C@@H]([C@H]3O)N(C)C)[C@](C)(O)C[C@@H](C)CN[C@H](C)[C@@H](O)[C@]1(C)O,macrolide
176,CHEMBL301428,CC[C@H]1OC(=O)[C@H](C)[C@@H](O[C@H]2C[C@@](C)(OC)[C@](O)([C@H](C)O2)c3cc4ccccc4n3C)[C@H](C)[C@@H](O[C@@H]5O[C@H](C)C[C@@H]([C@H]5O)N(C)C)[C@](C)(O)C[C@@H](C)CN(C)[C@H](C)[C@@H](O)[C@]1(C)O,macrolide
177,CHEMBL301879,CC[C@H]1OC(=O)[C@H](C)[C@@H](O[C@H]2C[C@@](C)(OC)[C@@](O)(C#CC)[C@H](C)O2)[C@H](C)[C@@H](O[C@@H]3O[C@H](C)C[C@@H]([C@H]3O)N(C)C)[C@](C)(O)C[C@@H](C)CN[C@H](C)[C@@H](O)[C@]1(C)O,macrolide
178,CHEMBL302232,CC[C@H]1OC(=O)[C@H](C)[C@@H](O[C@H]2C[C@@](C)(OC)[C@](O)([C@H](C)O2)c3cc4ccccc4n3C)[C@H](C)[C@@H](O[C@@H]5O[C@H](C)C[C@@H]([C@H]5O)N(C)C)[C@](C)(O)C[C@@H](C)CN[C@H](C)[C@@H](O)[C@]1(C)O,macrolide
179,CHEMBL304634,CC[C@H]1OC(=O)[C@H](C)[C@@H](O[C@H]2C[C@@](C)(OC)[C@@](O)(C#CCOC)[C@H](C)O2)[C@H](C)[C@@H](O[C@@H]3O[C@H](C)C[C@@H]([C@H]3O)N(C)C)[C@](C)(O)C[C@@H](C)CN[C@H](C)[C@@H](O)[C@]1(C)O,macrolide
180,CHEMBL3215342,CC(C)CCCCCCC(=O)N[C@H]1[C@@H](O)[C@H](O)[C@H](CO)O[C@H]1Oc2c3Oc4ccc(cc4Cl)C(O)C5NC(=O)C(N)c6ccc(O)c(Oc7cc(O)cc(c7)C(NC5=O)C(=O)NC8C(=O)NC9C(=O)NC(C(O[C@@H]%10O[C@@H](CO)[C@@H](O)[C@H](O)[C@@H]%10NC(=O)C)c%11ccc(Oc2cc8c3)c(Cl)c%11)C(=O)N[C@@H](C(=O)O)c%12cc(O)cc(O[C@H]%13O[C@H](CO)[C@@H](O)[C@@H](O)[C@@H]%13O)c%12c%14cc9ccc%14O)c6,Glycopeptide
181,CHEMBL384064,NC1Cc2ccc(Oc3cc4cc(Oc5ccc(cc5Cl)C(O)C6NC(=O)C(NC(=O)C4NC(=O)C(NC1=O)c7cc(O)cc(Oc8cc(ccc8O)C9NC(=S)N(C9=O)c%10ccccc%10)c7)c%11ccc(O)c(c%11)c%12c(O)cc(O)cc%12[C@@H](NC6=O)C(=O)O)c3O)c(Cl)c2,Glycopeptide
182,CHEMBL384264,CNC(CC(C)C)C(=O)NC1C(O)c2ccc(Oc3cc4cc(Oc5ccc(cc5)C(O)C6NC(=O)C(NC(=O)C4NC(=O)C(CC(=O)N)NC1=O)c7ccc(O)c(c7)c8c(O)c(CN9CCN(Cc%10ccc(cc%10)c%11ccccc%11)CC9)c(O)cc8[C@@H](NC6=O)C(=O)NC)c3O)c(Cl)c2,Glycopeptide
183,CHEMBL384471,C[C@H]([C@@H]1NC(=O)CNC(=O)[C@H](CO)NC(=O)[C@H](NC(=O)[C@@H](NC(=O)[C@@H](Cc2ccc3nc(oc3c2)c4cccc(F)c4)NC1=O)[C@H](O)[C@@H]5CN=C(N)N5)[C@@H](O)[C@@H]6CN=C(N)N6[C@H]7O[C@H](CO)[C@@H](O)[C@H](O)[C@@H]7O)c8ccccc8,Glycopeptide
184,CHEMBL384872,C[C@H]([C@@H]1NC(=O)CNC(=O)[C@H](CO)NC(=O)[C@H](NC(=O)[C@@H](NC(=O)[C@@H](Cc2ccc3nc(oc3c2)c4cccs4)NC1=O)[C@H](O)[C@@H]5CN=C(N)N5)[C@@H](O)[C@@H]6CN=C(N)N6[C@H]7O[C@H](CO)[C@@H](O)[C@H](O)[C@@H]7O)c8ccccc8,Glycopeptide
185,CHEMBL387070,CNC(CC(C)C)C(=O)NC1C(O)c2ccc(Oc3cc4cc(Oc5ccc(cc5)C(O)C6NC(=O)C(NC(=O)C4NC(=O)C(CC(=O)N)NC1=O)c7ccc(O)c(c7)c8c(O)c(CN9CCN(Cc%10ccc(cc%10)c%11ccccc%11)CC9)c(O)cc8[C@@H](NC6=O)C(=O)O)c3O)c(Cl)c2,Glycopeptide
186,CHEMBL388581,CCN1CC(C(=O)O)C(=O)c2cc(F)c(cc12)N3CCNCC3,Fluoroquinolone
187,CHEMBL3989572,CO[C@@H]1[C@@H](OC(=O)c2ccc(C)[nH]2)[C@@H](O)[C@@H](Oc3ccc4C(=C(NC(=O)c5[nH]cc(C(=O)NC6=C([O-])c7ccc(O[C@H]8OC(C)(C)[C@H](OC)[C@@H](OC(=O)c9ccc(C)[nH]9)[C@H]8O)c(C)c7OC6=O)c5C)C(=O)Oc4c3C)O)OC1(C)C,Aminocoumarin
188,CHEMBL3989795,CO[C@H]1C[C@@H](C)O[C@@H](OC[C@@H]2[C@@H](C)OC(=C)\C=C\[C@H](C)[C@H](CC[C@](C)(O)C(=O)\C=C\[C@@H]3O[C@@H]23)O[C@@H]4O[C@H](C)[C@@H](O)[C@@H](OC)[C@H]4OC)[C@@H]1O,macrolide
189,"CHEMBL3989893, Mepartricin",CNc1ccc(cc1)C(=O)CC(O)CCC(C)C2OC(=O)CC(O)CC(=O)CC(O)CC(O)CC(O)CC(O)CC3(O)CC(O)C(C(CC(O[C@@H]4O[C@H](C)[C@@H](O)[C@H](N)[C@@H]4O)\C=C\C=C\C=C\C=C\C=C\C=C\C=C\C2C)O3)C(=O)OC.COC(=O)C5C(O)CC6(O)CC(O)CC(O)CC(O)CC(O)CC(=O)CC(O)CC(=O)OC(C(C)CCC(O)CC(=O)c7ccc(N)cc7)C(C)\C=C\C=C\C=C\C=C\C=C\C=C\C=C\C(CC5O6)O[C@@H]8O[C@H](C)[C@@H](O)[C@H](N)[C@@H]8O,Polyene macrolide
190,CHEMBL405267,NC1C(=O)NC2Cc3ccc(Oc4cc5cc(Oc6ccc(cc6Cl)C(O)C7NC(=O)C(NC(=O)C5NC(=O)C(NC2=O)c8cc(O)cc(Oc9cc1ccc9O)c8)c%10ccc(O)c(c%10)c%11c(O)cc(O)cc%11[C@@H](NC7=O)C(=O)C%12NCCC%13CCCCC%12%13)c4O)c(Cl)c3,Glycopeptide
191,CHEMBL405483,CCCCc1ccc(CN2CCN(Cc3c(O)cc4[C@@H](NC(=O)C5NC(=O)C(NC(=O)C6NC(=O)C7NC(=O)C(Cc8ccc(Oc9cc6cc(Oc%10ccc(cc%10Cl)C5O)c9OC%11OC(C(O)C(O)C%11N)C(=O)O)cc8)NC(=O)C(NC)c%12ccc(O)c(Oc%13cc(O)c(Cl)c7c%13)c%12)c%14ccc(O)c(c%14)c4c3O)C(=O)O)CC2)cc1,Glycopeptide
192,CHEMBL405708,CNC(=O)[C@@H]1NC(=O)C2NC(=O)C(NC(=O)C3NC(=O)C(CC(=O)N)NC(=O)C(N)C(O)c4ccc(Oc5cc3cc(Oc6ccc(cc6)C2O)c5O)c(Cl)c4)c7ccc(O)c(c7)c8c(O)c(CNC9C%10CC%11CC(CC9C%11)C%10)c(O)cc18,Glycopeptide
193,CHEMBL405807,C[C@H]([C@@H]1NC(=O)CNC(=O)[C@H](CO)NC(=O)[C@H](NC(=O)[C@@H](NC(=O)[C@@H](Cc2ccc3nc(oc3c2)c4cccc(c4)C(C)(C)C)NC1=O)[C@H](O)[C@@H]5CN=C(N)N5)[C@@H](O)[C@@H]6CN=C(N)N6[C@H]7O[C@H](CO)[C@@H](O)[C@H](O)[C@@H]7O)c8ccccc8,Glycopeptide
194,CHEMBL406245,C[C@H]([C@@H]1NC(=O)CNC(=O)[C@H](CO)NC(=O)[C@H](NC(=O)[C@@H](NC(=O)[C@@H](Cc2ccc3nc(oc3c2)SCc4ccccc4)NC1=O)[C@H](O)[C@@H]5CN=C(N)N5)[C@@H](O)[C@@H]6CN=C(N)N6[C@H]7O[C@H](CO)[C@@H](O)[C@H](O)[C@@H]7O)c8ccccc8,Glycopeptide
195,CHEMBL406634,CCCCCCCCCCNCc1c(O)cc2[C@@H](NC(=O)C3NC(=O)C(NC(=O)C4NC(=O)C5NC(=O)C(Cc6ccc(Oc7cc4cc(Oc8ccc(cc8Cl)C3O)c7O)c(Cl)c6)NC(=O)C(N)c9ccc(O)c(Oc%10cc(O)cc5c%10)c9)c%11ccc(O)c(c%11)c2c1O)C(=O)NCCCN(C)C,Glycopeptide
196,CHEMBL406690,N[C@@H](C(=O)O)c1cc(O)cc(O)c1c2cc(ccc2O)C3NC(=O)C4NC(=O)C5NC(=O)C(Cc6ccc(Oc7cc4cc(Oc8ccc(cc8Cl)C(O)C(NC3=O)C(=O)O)c7O)c(Cl)c6)NC(=O)C(N)c9ccc(O)c(Oc%10cc(O)cc5c%10)c9,Glycopeptide
197,CHEMBL406708,C[C@H]([C@@H]1NC(=O)CNC(=O)[C@H](CO)NC(=O)[C@H](NC(=O)[C@@H](NC(=O)[C@@H](Cc2ccc3nc(oc3c2)C=C(c4ccccc4)c5ccccc5)NC1=O)[C@H](O)[C@@H]6CN=C(N)N6)[C@@H](O)[C@@H]7CN=C(N)N7[C@H]8O[C@H](CO)[C@@H](O)[C@H](O)[C@@H]8O)c9ccccc9,Glycopeptide
198,CHEMBL407356,OC1C2NC(=O)C(NC(=O)C3NC(=O)C4NC(=O)C(Cc5ccc(Oc6cc3cc(Oc7ccc1cc7Cl)c6O)c(Cl)c5)NC(=O)C(NC(=O)C89CC%10CC(CC(C%10)C8)C9)c%11ccc(O)c(Oc%12cc(O)cc4c%12)c%11)c%13ccc(O)c(c%13)c%14c(O)cc(O)cc%14[C@@H](NC2=O)C(=O)O,Glycopeptide
199,CHEMBL407366,C[C@H]([C@@H]1NC(=O)CNC(=O)[C@H](CO)NC(=O)[C@H](NC(=O)[C@@H](NC(=O)[C@@H](Cc2ccc3nc(oc3c2)c4ccc5Cc6ccccc6c5c4)NC1=O)[C@H](O)[C@@H]7CN=C(N)N7)[C@@H](O)[C@@H]8CN=C(N)N8[C@H]9O[C@H](CO)[C@@H](O)[C@H](O)[C@@H]9O)c%10ccccc%10,Glycopeptide
200,CHEMBL407397,OC1C2NC(=O)C(NC(=O)C3NC(=O)C4NC(=O)C(Cc5ccc(Oc6cc3cc(Oc7ccc1cc7Cl)c6O)c(Cl)c5)NC(=O)C(\N=C(/S)\Nc8ccccc8)c9ccc(O)c(Oc%10cc(O)cc4c%10)c9)c%11ccc(O)c(c%11)c%12c(O)cc(O)cc%12[C@@H](NC2=O)C(=O)O,Glycopeptide
201,CHEMBL407612,CNC(=O)C[C@@H]1NC(=O)c2csc(n2)c3ccc(nc3c4csc(n4)c5csc(n5)C(NC(=O)CNC(=O)c6nc(sc6COC)[C@@H](NC(=O)c7nc1sc7C)C(C)C)C(O)c8ccccc8)c9nc(COC(=O)NCCCC(=O)O)cs9,Thiazolyl peptide
202,CHEMBL408035,CC[C@H]1OC(=O)[C@H](C)[C@@H](O[C@H]2C[C@@](C)(OC)[C@](O)([C@H](C)O2)c3cccnc3)[C@H](C)[C@@H](O[C@@H]4O[C@H](C)C[C@@H]([C@H]4O)N(C)C)[C@](C)(O)C[C@@H](C)CN[C@H](C)[C@@H](O)[C@]1(C)O,macrolide
203,CHEMBL409706,NC1C(=O)NC2Cc3ccc(Oc4cc5cc(Oc6ccc(cc6Cl)C(O)C7NC(=O)C(NC(=O)C5NC(=O)C(NC2=O)c8cc(O)cc(Oc9cc1ccc9O)c8)c%10ccc(O)c(c%10)c%11c(O)cc(O)cc%11[C@@H](NC7=O)C(=O)O)c4O)c(Cl)c3,Glycopeptide
204,CHEMBL410210,CCCCc1ccc(CNCc2c(O)cc3[C@@H](NC(=O)C4NC(=O)C(NC(=O)C5NC(=O)C6NC(=O)C(Cc7ccc(Oc8cc5cc(Oc9ccc(cc9Cl)C4O)c8O)c(Cl)c7)NC(=O)C(NC(=O)OC(C)(C)C)c%10ccc(O)c(Oc%11cc(O)cc6c%11)c%10)c%12ccc(O)c(c%12)c3c2O)C(=O)O)cc1,Glycopeptide
205,CHEMBL411363,CCCCCCCCCCNC(=O)[C@@H]1NC(=O)C2NC(=O)C(NC(=O)C3NC(=O)C4NC(=O)C(Cc5ccc(Oc6cc3cc(Oc7ccc(cc7Cl)C2O)c6O)c(Cl)c5)NC(=O)C(N)c8ccc(O)c(Oc9cc(O)cc4c9)c8)c%10ccc(O)c(c%10)c%11c(O)cc(O)cc1%11,Glycopeptide
206,CHEMBL411390,NC1C(O)c2ccc(Oc3cc4cc(Oc5ccc(cc5)C(O)C6NC(=O)C(NC(=O)C4NC(=O)C(CC(=O)N)NC1=O)c7ccc(O)c(c7)c8c(O)c(CNC9C%10CC%11CC(CC9C%11)C%10)c(O)cc8[C@@H](NC6=O)C(=O)O)c3O)c(Cl)c2,Glycopeptide
207,CHEMBL411975,CCCCCCCCCCNC(=O)[C@H]1NC(=O)[C@H]2NC(=O)[C@H](NC(=O)[C@@H]3NC(=O)[C@H](CC(=O)N)NC(=O)[C@H](NC(=O)[C@@H](CC(C)C)NC)[C@H](O)c4ccc(Oc5cc3cc(Oc6ccc(cc6)[C@H]2O[C@H]7C[C@](C)(N)[C@@H](O)[C@H](C)O7)c5O[C@@H]8O[C@H](CO)[C@@H](O)[C@H](O)[C@H]8O[C@H]9C[C@](C)(N)[C@@H](O)[C@H](C)O9)c(Cl)c4)c%10ccc(O)c(c%10)c%11c(O)cc(O)cc1%11,Lipoglycopeptide
208,CHEMBL412204,OC1C2NC(=O)C(NC(=O)C3NC(=O)C4NC(=O)C(Cc5ccc(Oc6cc3cc(Oc7ccc1cc7Cl)c6O)c(Cl)c5)NC(=O)C(NC(=O)OCC8c9ccccc9c%10ccccc8%10)c%11ccc(O)c(Oc%12cc(O)cc4c%12)c%11)c%13ccc(O)c(c%13)c%14c(O)cc(O)cc%14[C@@H](NC2=O)C(=O)O,Glycopeptide
209,CHEMBL412417,C[C@H]([C@@H]1NC(=O)CNC(=O)[C@H](CO)NC(=O)[C@H](NC(=O)[C@@H](NC(=O)[C@@H](Cc2ccc3nc(oc3c2)c4ccc(Br)cc4)NC1=O)[C@H](O)[C@@H]5CN=C(N)N5)[C@@H](O)[C@@H]6CN=C(N)N6[C@H]7O[C@H](CO)[C@@H](O)[C@H](O)[C@@H]7O)c8ccccc8,Glycopeptide
210,CHEMBL412433,Cc1ncc([N+](=O)[O-])n1CCCOC(c2ccccc2)c3ccccc3,nitroimidazole
211,CHEMBL412678,C[C@H]([C@@H]1NC(=O)CNC(=O)[C@H](CO)NC(=O)[C@H](NC(=O)[C@@H](NC(=O)[C@@H](Cc2ccc3nc(oc3c2)SCC(=O)c4ccccc4)NC1=O)[C@H](O)[C@@H]5CN=C(N)N5)[C@@H](O)[C@@H]6CN=C(N)N6[C@H]7O[C@H](CO)[C@@H](O)[C@H](O)[C@@H]7O)c8ccccc8,Glycopeptide
212,CHEMBL412829,C[C@H]([C@@H]1NC(=O)CNC(=O)[C@H](CO)NC(=O)[C@H](NC(=O)[C@@H](NC(=O)[C@@H](Cc2ccc3nc(oc3c2)c4ccc(cc4)N(C)C)NC1=O)[C@H](O)[C@@H]5CN=C(N)N5)[C@@H](O)[C@@H]6CN=C(N)N6[C@H]7O[C@H](CO)[C@@H](O)[C@H](O)[C@@H]7O)c8ccccc8,Glycopeptide
213,CHEMBL412977,CCCCOc1ccc(CNC2C(O)C(O)C(OC2Oc3c4Oc5ccc(CC6NC(=O)C(N(C)Cc7ccc(OCCCC)cc7)c8ccc(O)c(Oc9cc(O)c(Cl)c(c9)C(NC6=O)C(=O)NC%10C(=O)NC%11C(=O)NC(C(O)c%12ccc(Oc3cc%10c4)c(Cl)c%12)C(=O)N[C@@H](C(=O)NCCCN(C)C)c%13cc(O)cc(O)c%13c%14cc%11ccc%14O)c8)cc5)C(=O)NCCCN(C)C)cc1,Glycopeptide
214,CHEMBL413713,CCCCc1ccc(CN2CCN(Cc3c(O)cc4[C@@H](NC(=O)C5NC(=O)C(NC(=O)C6NC(=O)C7NC(=O)C(Cc8ccc(Oc9cc6cc(Oc%10ccc(cc%10Cl)C5O)c9O)c(Cl)c8)NC(=O)C(N)c%11ccc(O)c(Oc%12cc(O)cc7c%12)c%11)c%13ccc(O)c(c%13)c4c3O)C(=O)NCCCN(C)C)CC2)cc1,Glycopeptide
215,CHEMBL413864,NC1C(=O)NC2Cc3ccc(Oc4cc5cc(Oc6ccc(cc6Cl)C(O)C7NC(=O)C(NC(=O)C5NC(=O)C(NC2=O)c8cc(O)cc(Oc9cc1ccc9O)c8)c%10ccc(O)c(c%10)c%11c(O)c(CNC%12C%13CC%14CC(CC%12C%14)C%13)c(O)cc%11[C@@H](NC7=O)C(=O)O)c4O)c(Cl)c3,Glycopeptide
216,CHEMBL413902,C[C@H]([C@@H]1NC(=O)CNC(=O)[C@H](CO)NC(=O)[C@H](NC(=O)[C@@H](NC(=O)[C@@H](Cc2ccc3nc(oc3c2)c4ccc(cc4)c5ccccc5)NC1=O)[C@H](O)[C@@H]6CN=C(N)N6)[C@@H](O)[C@@H]7CN=C(N)N7[C@H]8O[C@H](CO)[C@@H](O)[C@H](O)[C@@H]8O)c9ccccc9,Glycopeptide
217,CHEMBL414553,CCCCc1ccc(CNC2C(O)C(O)C(OC2Oc3c4Oc5ccc(CC6NC(=O)C(NC)c7ccc(O)c(Oc8cc(O)c(Cl)c(c8)C(NC6=O)C(=O)NC9C(=O)NC%10C(=O)NC(C(O)c%11ccc(Oc3cc9c4)c(Cl)c%11)C(=O)N[C@@H](C(=O)O)c%12cc(O)c(CN%13CCN(Cc%14ccc(cc%14)c%15ccccc%15)CC%13)c(O)c%12c%16cc%10ccc%16O)c7)cc5)C(=O)O)cc1,Glycopeptide
218,CHEMBL415132,CCCCc1ccc(CNC2C(O)C(O)C(OC2Oc3c4Oc5ccc(CC6NC(=O)C(NC)c7ccc(O)c(Oc8cc(O)c(Cl)c(c8)C(NC6=O)C(=O)NC9C(=O)NC%10C(=O)NC(C(O)c%11ccc(Oc3cc9c4)c(Cl)c%11)C(=O)N[C@@H](C(=O)NCCCN(C)C)c%12cc(O)c(CN%13CCN(Cc%14ccc(cc%14)c%15ccccc%15)CC%13)c(O)c%12c%16cc%10ccc%16O)c7)cc5)C(=O)NCCCN(C)C)cc1,Glycopeptide
219,CHEMBL415231,CCCCc1ccc(CNC2C(O)C(O)C(OC2Oc3c4Oc5ccc(CC6NC(=O)C(NC)c7ccc(O)c(Oc8cc(O)c(Cl)c(c8)C(NC6=O)C(=O)NC9C(=O)NC%10C(=O)NC(C(O)c%11ccc(Oc3cc9c4)c(Cl)c%11)C(=O)N[C@@H](C(=O)NCCCN(C)C)c%12cc(O)cc(O)c%12c%13cc%10ccc%13O)c7)cc5)C(=O)NCCCN(C)C)cc1,Glycopeptide
220,CHEMBL415668,CCCCc1ccc(CNCc2c(O)cc3[C@@H](NC(=O)C4NC(=O)C(NC(=O)C5NC(=O)C6NC(=O)C(Cc7ccc(Oc8cc5cc(Oc9ccc(cc9Cl)C4O)c8O)c(Cl)c7)NC(=O)C(N)c%10ccc(O)c(Oc%11cc(O)cc6c%11)c%10)c%12ccc(O)c(c%12)c3c2O)C(=O)NC)cc1,Glycopeptide
221,CHEMBL415673,CNC(=O)[C@@H]1NC(=O)C2NC(=O)C(NC(=O)C3NC(=O)C4NC(=O)C(Cc5ccc(Oc6cc3cc(Oc7ccc(cc7Cl)C2O)c6O)c(Cl)c5)NC(=O)C(N)c8ccc(O)c(Oc9cc(O)cc4c9)c8)c%10ccc(O)c(c%10)c%11c(O)cc(O)cc1%11,Glycopeptide
222,CHEMBL415689,C[C@H]([C@@H]1NC(=O)CNC(=O)[C@H](CO)NC(=O)[C@H](NC(=O)[C@@H](NC(=O)[C@@H](Cc2ccc(O)cc2)NC1=O)[C@H](O)[C@@H]3CN=C(N)N3)[C@@H](O)[C@@H]4CN=C(N)N4[C@H]5O[C@H](CO)[C@@H](O)[C@H](O)[C@@H]5O)c6ccccc6,Glycopeptide
223,CHEMBL415792,CNC(=O)[C@@H]1NC(=O)C2NC(=O)C(NC(=O)C3NC(=O)C(CC(=O)N)NC(=O)C(NC(=O)C(CC(C)C)N(C)C(=O)OC(C)(C)C)C(O)c4ccc(Oc5cc3cc(Oc6ccc(cc6)C2O)c5O)c(Cl)c4)c7ccc(O)c(c7)c8c(O)c(CN9CCN(Cc%10ccc(cc%10)c%11ccccc%11)CC9)c(O)cc18,Glycopeptide
224,CHEMBL41589,Cc1ncc([N+](=O)[O-])n1CCOC(c2ccccc2)c3cc(Cl)cc(Cl)c3,nitroimidazole
225,CHEMBL417397,CC[C@H]1OC(=O)[C@H](C)[C@@H](O[C@H]2C[C@@](C)(OC)[C@]3(CO3)[C@H](C)O2)[C@H](C)[C@@H](O[C@@H]4O[C@H](C)C[C@@H]([C@H]4O)N(C)C)[C@](C)(O)C[C@@H](C)CN[C@H](C)[C@@H](O)[C@]1(C)O,macrolide
226,CHEMBL428274,NCCCCCCCCCCNC(=O)[C@@H]1NC(=O)C2NC(=O)C(NC(=O)C3NC(=O)C4NC(=O)C(Cc5ccc(Oc6cc3cc(Oc7ccc(cc7Cl)C2O)c6O)c(Cl)c5)NC(=O)C(N)c8ccc(O)c(Oc9cc(O)cc4c9)c8)c%10ccc(O)c(c%10)c%11c(O)cc(O)cc1%11,Glycopeptide
227,CHEMBL429343,CNC(=O)[C@@H]1NC(=O)C2NC(=O)C(NC(=O)C3NC(=O)C4NC(=O)C(Cc5ccc(Oc6cc3cc(Oc7ccc(cc7Cl)C2O)c6O)c(Cl)c5)NC(=O)C(NC(=O)OC89CC%10CC(CC(C%10)C8)C9)c%11ccc(O)c(Oc%12cc(O)cc4c%12)c%11)c%13ccc(O)c(c%13)c%14c(O)cc(O)cc1%14,Glycopeptide
228,CHEMBL434021,CC[C@H]1OC(=O)[C@H](C)[C@@H](O[C@H]2C[C@@](C)(OC)[C@@](O)(C#CC)[C@H](C)O2)[C@H](C)[C@@H](O[C@@H]3O[C@H](C)C[C@@H]([C@H]3O)N(C)C)[C@](C)(O)C[C@@H](C)CN(C)[C@H](C)[C@@H](O)[C@]1(C)O,macrolide
229,CHEMBL43416,Cc1ncc([N+](=O)[O-])n1CCOC(c2ccccc2)c3ccc(cc3)[N+](=O)[O-],nitroimidazole
230,CHEMBL436557,CC[C@H]1OC(=O)[C@H](C)[C@@H](O[C@H]2C[C@@](C)(OC)[C@](O)([C@H](C)O2)c3cccs3)[C@H](C)[C@@H](O[C@@H]4O[C@H](C)C[C@@H]([C@H]4O)N(C)C)[C@](C)(O)C[C@@H](C)CN[C@H](C)[C@@H](O)[C@]1(C)O,macrolide
231,CHEMBL436699,CCCCCCCCCCCCCCCCCCNCc1c(O)cc2[C@@H](NC(=O)C3NC(=O)C(NC(=O)C4NC(=O)C5NC(=O)C(Cc6ccc(Oc7cc4cc(Oc8ccc(cc8Cl)C3O)c7O)c(Cl)c6)NC(=O)C(N)c9ccc(O)c(Oc%10cc(O)cc5c%10)c9)c%11ccc(O)c(c%11)c2c1O)C(=O)NC,Glycopeptide
232,CHEMBL437476,NC1C(=O)NC2Cc3ccc(Oc4cc5cc(Oc6ccc(cc6Cl)C(O)C7NC(=O)C(NC(=O)C5NC(=O)C(NC2=O)c8cc(O)cc(Oc9cc1ccc9O)c8)c%10ccc(O)c(c%10)c%11c(O)c(CNC%12C%13CC%14CC(CC%12C%14)C%13)c(O)cc%11[C@@H](NC7=O)C(=O)NC%15C%16CC%17CC(CC%15C%17)C%16)c4O)c(Cl)c3,Glycopeptide
233,CHEMBL437815,C[C@H]([C@@H]1NC(=O)CNC(=O)[C@H](CO)NC(=O)[C@H](NC(=O)[C@@H](NC(=O)[C@@H](Cc2ccc3nc(oc3c2)c4ccc(OCc5ccccc5)cc4)NC1=O)[C@H](O)[C@@H]6CN=C(N)N6)[C@@H](O)[C@@H]7CN=C(N)N7[C@H]8O[C@H](CO)[C@@H](O)[C@H](O)[C@@H]8O)c9ccccc9,Glycopeptide
234,CHEMBL437840,NC1C(=O)NC2Cc3ccc(Oc4cc5cc(Oc6ccc(cc6Cl)C(O)C7NC(=O)C(NC(=O)C5NC(=O)C(NC2=O)c8cc(O)cc(Oc9cc1ccc9O)c8)c%10ccc(O)c(c%10)c%11c(O)cc(O)cc%11[C@@H](NC7=O)C(=O)NC%12C%13CC%14CC(CC%12C%14)C%13)c4O)c(Cl)c3,Glycopeptide
235,CHEMBL437903,C[C@H]([C@@H]1NC(=O)CNC(=O)[C@H](CO)NC(=O)[C@H](NC(=O)[C@@H](NC(=O)[C@@H](Cc2ccc3nc(oc3c2)C=C(C)C)NC1=O)[C@H](O)[C@@H]4CN=C(N)N4)[C@@H](O)[C@@H]5CN=C(N)N5[C@H]6O[C@H](CO)[C@@H](O)[C@H](O)[C@@H]6O)c7ccccc7,Glycopeptide
236,CHEMBL438554,COC(=O)[C@@H]1NC(=O)C2NC(=O)C(NC(=O)C(N)c3cc(Oc4ccc(CC(NC(=O)OCc5ccccc5)C(=O)O)cc4Cl)c(O)c(Oc6ccc(cc6Cl)C2O)c3)c7ccc(O)c(c7)c8c(O)c(CNC9C%10CC%11CC(CC9C%11)C%10)c(O)cc18,Glycopeptide
237,CHEMBL439257,CNC(=O)C[C@@H]1NC(=O)c2csc(n2)c3ccc(nc3c4csc(n4)c5csc(n5)C(NC(=O)CNC(=O)c6nc(sc6COC)[C@@H](NC(=O)c7nc1sc7C)C(C)C)C(O)c8ccccc8)c9nc(cs9)C%10=N[C@@H](CO%10)C(=O)N%11CCC[C@H]%11C(=O)N,Thiazolyl peptide
238,CHEMBL439300,CCCCCCCCCC[N+](C)(C)CCCN(N)Cc1c(O)cc2[C@@H](NC(=O)C3NC(=O)C(NC(=O)C4NC(=O)C5NC(=O)C(Cc6ccc(Oc7cc4cc(Oc8ccc(cc8Cl)C3O)c7O)c(Cl)c6)NC(=O)C(N)c9ccc(O)c(Oc%10cc(O)cc5c%10)c9)c%11ccc(O)c(c%11)c2c1O)C(=O)NCCCCCCN,Glycopeptide
239,CHEMBL440444,C[C@H]([C@@H]1NC(=O)CNC(=O)[C@H](CO)NC(=O)[C@H](NC(=O)[C@@H](NC(=O)[C@@H](Cc2ccc3nc(oc3c2)c4ccc(cc4)C(=O)O)NC1=O)[C@H](O)[C@@H]5CN=C(N)N5)[C@@H](O)[C@@H]6CN=C(N)N6[C@H]7O[C@H](CO)[C@@H](O)[C@H](O)[C@@H]7O)c8ccccc8,Glycopeptide
240,CHEMBL440635,CCCCCCCCCCCCCCCCCCNCc1c(O)cc2[C@@H](NC(=O)C3NC(=O)C(NC(=O)C4NC(=O)C5NC(=O)C(Cc6ccc(Oc7cc4cc(Oc8ccc(cc8Cl)C3O)c7O)c(Cl)c6)NC(=O)C(N)c9ccc(O)c(Oc%10cc(O)cc5c%10)c9)c%11ccc(O)c(c%11)c2c1O)C(=O)O,Glycopeptide
241,CHEMBL441397,CCCCc1ccc(CNCc2c(O)cc3[C@@H](NC(=O)C4NC(=O)C(NC(=O)C5NC(=O)C6NC(=O)C(Cc7ccc(Oc8cc5cc(Oc9ccc(cc9Cl)C4O)c8O)c(Cl)c7)NC(=O)C(NC(=O)OC(C)(C)C)c%10ccc(O)c(Oc%11cc(O)cc6c%11)c%10)c%12ccc(O)c(c%12)c3c2O)C(=O)NC)cc1,Glycopeptide
242,CHEMBL441792,CC[C@H]1OC(=O)[C@H](C)[C@@H](O[C@H]2C[C@@](C)(OC)[C@@](O)(CCCOC)[C@H](C)O2)[C@H](C)[C@@H](O[C@@H]3O[C@H](C)C[C@@H]([C@H]3O)N(C)C)[C@](C)(O)C[C@@H](C)CN[C@H](C)[C@@H](O)[C@]1(C)O,macrolide
243,CHEMBL444020,COC(=O)[C@@H]1NC(=O)C2NC(=O)C(NC(=O)C(NC(=O)OC(C)(C)C)c3cc(Oc4ccc(CC(NC(=O)OCc5ccccc5)C(=O)O)cc4Cl)c(O)c(Oc6ccc(cc6Cl)C2O)c3)c7ccc(O)c(c7)c8c(O)cc(O)cc18,Glycopeptide
244,CHEMBL58145,CC[C@H]1OC(=O)[C@H](C)[C@@H](O[C@H]2C[C@@](C)(OC)[C@](C)(O)[C@H](C)O2)[C@H](C)[C@@H](O[C@@H]3O[C@H](C)C[C@@H]([C@H]3O)N(C)C)[C@](C)(O)C[C@@H](C)CN[C@H](C)[C@@H](O)[C@]1(C)O,macrolide
245,CHEMBL59080,CC[C@H]1OC(=O)[C@H](C)[C@@H](O[C@H]2C[C@@](C)(OC)[C@@]3(CO3)[C@H](C)O2)[C@H](C)[C@@H](O[C@@H]4O[C@H](C)C[C@@H]([C@H]4O)N(C)C)[C@](C)(O)C[C@@H](C)CN[C@H](C)[C@@H](O)[C@]1(C)O,macrolide
246,CHEMBL59410,CC[C@H]1OC(=O)[C@H](C)[C@@H](O[C@H]2C[C@@](C)(OC)[C@@](O)(CSC)[C@H](C)O2)[C@H](C)[C@@H](O[C@@H]3O[C@H](C)C[C@@H]([C@H]3O)N(C)C)[C@](C)(O)C[C@@H](C)CN[C@H](C)[C@@H](O)[C@]1(C)O,macrolide
247,CHEMBL61361,CC[C@H]1OC(=O)[C@H](C)[C@@H](O[C@H]2C[C@@](C)(OC)[C@](C)(O)[C@H](C)O2)[C@H](C)[C@@H](O[C@@H]3O[C@H](C)C[C@@H]([C@H]3O)N(C)C)[C@](C)(O)C[C@@H](C)CN(C)[C@H](C)[C@@H](O)[C@]1(C)O,macrolide
248,CHIR-090,C[C@@H](O)[C@H](NC(=O)c1ccc(cc1)C#Cc2ccc(CN3CCOCC3)cc2)C(=O)NO,Hydroxamic acid
249,Chloramphenicol,OC[C@@H](NC(=O)C(Cl)Cl)[C@H](O)c1ccc(cc1)[N](=O)O,Amphenicol
250,Chloramphenicol Sulfate Salt,OC[C@@H](NC(=O)C(Cl)Cl)[C@H](O)c1ccc(cc1)[N+](=O)[O-],phenicol
251,Chloramphenicol_palmitate,CCCCCCCCCCCCCCCC(=O)OC[C@H](NC(=O)C(Cl)Cl)[C@H](O)c1ccc(cc1)[N](=O)O,Amphenicol
252,Chloramphenicol_succinate,O[C@@H]([C@@H](COC(=O)CCC(=O)O)NC(=O)C(Cl)Cl)c1ccc(cc1)[N](=O)O,Amphenicol
253,Chlorhexidine,Clc1ccc(NC(=N)NC(=N)NCCCCCCNC(=N)NC(=N)Nc2ccc(Cl)cc2)cc1,Biguanide
254,Chloroacetyl Dab9 Polymyxin B,CCCCCCCC(=O)N[C@@H](CCN)C(=O)N[C@@H]([C@@H](C)O)C(=O)N[C@@H](CCN)C(=O)N[C@H]1CCNC(=O)[C@@H](NC(=O)[C@H](CCNC(=O)CCl)NC(=O)[C@H](CCN)NC(=O)[C@H](CC(C)C)NC(=O)[C@@H](Cc2ccccc2)NC(=O)[C@H](CCN)NC1=O)[C@@H](C)O,polymyxin
255,Chloroxine,Oc1c(Cl)cc(Cl)c2cccnc12,Quinoline
256,Chloroxylenol,Cc1cc(O)cc(C)c1Cl,Phenolic 
257,Chlortetracycline,CN(C)[C@H]1[C@@H]2C[C@H]3C(=C(O)[C@]2(O)C(=O)C(=C1O)C(=O)N)C(=O)c4c(O)ccc(Cl)c4[C@@]3(C)O,Tetracycline
258,Cilastatin,CC1(C)C[C@@H]1C(=O)NC(=CCCCCSC[C@H](N)C(=O)O)C(=O)O,Dipeptidase inhibitor
259,Cinoxacin,CCN1N=C(C(=O)O)C(=O)c2cc3OCOc3cc12,Quinolone
260,Ciprofloxacin,OC(=O)C1=CN(C2CC2)c3cc(N4CCNCC4)c(F)cc3C1=O,Fluoroquinolone
261,Clarithromycin,CC[C@H]1OC(=O)[C@H](C)[C@@H](O[C@H]2C[C@@](C)(OC)[C@@H](O)[C@H](C)O2)[C@H](C)[C@@H](O[C@@H]3O[C@H](C)C[C@@H]([C@H]3O)N(C)C)[C@@](C)(C[C@@H](C)C(=O)[C@H](C)[C@@H](O)[C@]1(C)O)OC,macrolide
262,Clavulanic_acid,OCC=C1O[C@@H]2CC(=O)N2[C@H]1C(=O)O,Beta-lactam
263,Clinafloxacin,NC1CCN(C1)c2c(F)cc3C(=O)C(=CN(C4CC4)c3c2Cl)C(=O)O,Fluoroquinolone
264,Clindamycin,CCC[C@@H]1C[C@H](N(C)C1)C(=O)N[C@H]([C@H](C)Cl)C2O[C@H](SC)[C@H](O)[C@@H](O)[C@H]2O,Lincosamide
265,Clindamycin palmitate,CCCCCCCCCCCCCCCC(=O)O[C@@H]1[C@@H](O)[C@@H](O)C(O[C@@H]1SC)[C@H](NC(=O)[C@@H]2C[C@@H](CCC)CN2C)[C@H](C)Cl,Lincosamide
266,Clindamycin_phosphate,CCC[C@@H]1C[C@H](N(C)C1)C(=O)N[C@H]([C@H](C)Cl)[C@H]2O[C@H](SC)[C@H](OP(=O)(O)O)[C@@H](O)[C@H]2O,Lincosamide
267,Clofazimine,CC(C)\N=C\1/C=C2N(c3ccc(Cl)cc3)c4ccccc4N=C2C=C1Nc5ccc(Cl)cc5,riminophenazine
268,Clofoctol,CC(C)(C)CC(C)(C)c1ccc(O)c(Cc2ccc(Cl)cc2Cl)c1,Biphenyl derivative
269,Clometocillin,COC(C(=O)N[C@H]1[C@H]2SC(C)(C)[C@@H](N2C1=O)C(=O)O)c3ccc(Cl)c(Cl)c3,Beta-lactam
270,Clomocycline,CN(C)[C@H]1[C@@H]2C[C@H]3C(=C(O)[C@]2(O)C(=O)C(=C1O)C(=O)NCO)C(=O)c4c(O)ccc(Cl)c4[C@@]3(C)O,Tetracycline
271,Cloxacillin,Cc1onc(c2ccccc2Cl)c1C(=O)N[C@H]3[C@H]4SC(C)(C)[C@@H](N4C3=O)C(=O)O,Beta-lactam
272,Coformycin,OC[C@H]1O[C@H]([C@H](O)[C@@H]1O)n2cnc3[C@H](O)CNC=Nc23,nucleoside
273,Colistimethate,CCC(C)C1NC(=O)C(CCNCS(=O)(=O)O)NC(=O)C(CCNC(=O)C(NC(=O)C(CCNCS(=O)(=O)O)NC(=O)C(CCNCS(=O)(=O)O)NC(=O)C(NC1=O)C(C)CC)C(C)O)NC(=O)C(CCNCS(=O)(=O)O)NC(=O)C(NC(=O)C(CCNCS(=O)(=O)O)NC(=O)CCCCC(C)C)C(C)O,Polymyxin
274,Colistin,CCC(C)CCCCC(=O)N[C@@H](CCN)C(=O)N[C@@H](CN[C@@H](CCN)C(=O)N[C@H]1CCNC(=O)[C@@H](NC(=O)[C@H](CCN)NC(=O)[C@H](CCN)NC(=O)[C@H](CC(C)C)NC(=O)[C@@H](CC(C)C)NC(=O)[C@H](CCN)NC1=O)[C@@H](C)O)[C@@H](C)O,Polymyxin
275,Contezolid,Fc1cc(N2C[C@H](CNc3ccon3)OC2=O)c(F)c(F)c1N4CCC(=O)C=C4,oxazolidinone
276,Contezolid Acefosamil,CC(=O)OP(=O)(O)N(C[C@H]1CN(C(=O)O1)c2cc(F)c(N3CCC(=O)C=C3)c(F)c2F)c4ccon4,oxazolidinone
277,Coumamycin,CO[C@@H]1[C@@H](OC(=O)c2ccc(C)[nH]2)[C@@H](O)[C@@H](Oc3ccc4C(=C(NC(=O)c5c[nH]c(C(=O)NC6=C(O)c7ccc(O[C@H]8OC(C)(C)[C@H](OC)[C@@H](OC(=O)c9ccc(C)[nH]9)[C@H]8O)c(C)c7OC6=O)c5C)C(=O)Oc4c3C)O)OC1(C)C,Aminocoumarin
278,Cyclacillin,CC1(C)S[C@@H]2[C@H](NC(=O)C3(N)CCCCC3)C(=O)N2[C@H]1C(=O)O,Beta-lactam
279,Dalbavancin,CN[C@H]1C(=O)N[C@@H]2Cc3ccc(Oc4cc5cc(Oc6ccc(cc6Cl)[C@@H](O)[C@@H]7NC(=O)[C@H](NC(=O)[C@@H]5NC(=O)[C@@H](NC2=O)c8cc(Oc9cc1ccc9O)cc(O)c8Cl)c%10ccc(O)c(c%10)c%11c(O[C@H]%12O[C@H](CO)[C@@H](O)[C@H](O)[C@@H]%12O)cc(O)cc%11[C@H](NC7=O)C(=O)NCCCN(C)C)c4O[C@@H]%13O[C@@H]([C@@H](O)[C@H](O)[C@H]%13NC(=O)CCCCCCCCC(C)C)C(=O)O)cc3,Lincosamide
280,Dalfopristin,CCN(CC)CCS(=O)(=O)[C@@H]1CCN2[C@H]1C(=O)O[C@H](C(C)C)[C@H](C)C=CC(=O)NCC=CC(=C[C@@H](O)CC(=O)Cc3occ(n3)C2=O)C,Streptogramin
281,Danofloxacin,CN1C[C@@H]2C[C@H]1CN2c3cc4N(C=C(C(=O)O)C(=O)c4cc3F)C5CC5,Fluoroquinolone
282,Dapsone,Nc1ccc(cc1)S(=O)(=O)c2ccc(N)cc2,Sulfone
283,Daptomycin,CCCCCCCCCC(=O)N[C@@H](Cc1c[nH]c2ccccc12)C(=O)N[C@@H](CC(=O)N)C(=O)N[C@@H](CC(=O)O)C(=O)N[C@H]3[C@@H](C)OC(=O)[C@H](CC(=O)c4ccccc4N)NC(=O)[C@@H](NC(=O)[C@@H](CO)NC(=O)CNC(=O)[C@H](CC(=O)O)NC(=O)[C@@H](C)NC(=O)[C@H](CC(=O)O)NC(=O)[C@H](CCCN)NC(=O)CNC3=O)[C@H](C)CC(=O)O,Macrolide
284,D-Cycloserine,N[C@@H]1CONC1=O,D-Cycloserine
285,Decamethoxine,CC(C)[C@@H]1CC[C@@H](C)C[C@H]1OC(=O)C[N](C)(C)CCCCCCCCCC[N](C)(C)CC(=O)O[C@@H]2C[C@H](C)CC[C@H]2C(C)C,Quaternary ammonium
286,Delafloxacin,Nc1nc(N2C=C(C(=O)O)C(=O)c3cc(F)c(N4CC(O)C4)c(Cl)c23)c(F)cc1F,Fluoroquinolone
287,Delpazolid,CN1CCN(C=N1)c2ccc(cc2F)N3C[C@H](CO)OC3=O,oxazolidinone
288,Delvomycin,CC[C@H](C(=O)NC\C=C\C=C(/C)\[C@@H](OC)[C@H](C)[C@@H]1O[C@H](\C=C\C=C\C=C(/C)\C(=O)C2=C(O)C=CNC2=O)[C@H](O)[C@@H]1O)[C@@]3(O)O[C@@H](\C=C\C=C/C)C(C)(C)[C@@H](O)[C@H]3O,Elfamycin
289,Demeclocycline,CN(C)[C@H]1[C@@H]2C[C@@H]3[C@H](O)c4c(Cl)ccc(O)c4C(=O)C3=C(O)[C@]2(O)C(=O)C(=C1O)C(=O)N,Tetracycline
290,Demecycline,CN(C)[C@H]1[C@@H]2C[C@@H]3[C@H](O)c4cccc(O)c4C(=O)C3=C(O)[C@]2(O)C(=O)C(=C1O)C(=O)N,Tetracycline
291,Dequalinium,Cc1cc(N)c2ccccc2[n+]1CCCCCCCCCC[n+]3c(C)cc(N)c4ccccc34,Quaternary ammonium
292,Diazepinomicin,CC(=CCC\C(=C\CC\C(=C\CN1C(=O)c2cccc(O)c2Nc3c(O)cc(O)cc13)\C)\C)C,Dibenzodiazepine
293,Dibekacin,NC[C@@H]1CC[C@@H](N)[C@@H](O[C@@H]2[C@@H](N)C[C@@H](N)[C@H](O[C@H]3O[C@H](CO)[C@@H](O)[C@H](N)[C@H]3O)[C@H]2O)O1,Aminoglycoside
294,Dichloroacetyl Dab9 Polymyxin B,CCCCCCCC(=O)N[C@@H](CCN)C(=O)N[C@@H]([C@@H](C)O)C(=O)N[C@@H](CCN)C(=O)N[C@H]1CCNC(=O)[C@@H](NC(=O)[C@H](CCNC(=O)C(Cl)Cl)NC(=O)[C@H](CCN)NC(=O)[C@H](CC(C)C)NC(=O)[C@@H](Cc2ccccc2)NC(=O)[C@H](CCN)NC1=O)[C@@H](C)O,polymyxin
295,Dicloxacillin,Cc1onc(c1C(=O)N[C@H]2[C@H]3SC(C)(C)[C@@H](N3C2=O)C(=O)O)c4c(Cl)cccc4Cl,Beta-lactam
296,Didecyldimethylammonium,CCCCCCCCCC[N+](C)(C)CCCCCCCCCC,Quaternary ammonium
297,Difenoxin,OC(=O)C1(CCN(CCC(C#N)(c2ccccc2)c3ccccc3)CC1)c4ccccc4,phenylpiperidine
298,Difloxacin,CN1CCN(CC1)c2cc3N(C=C(C(=O)O)C(=O)c3cc2F)c4ccc(F)cc4,Fluoroquinolone
299,Difurazone,NC(=N)NN=C(\C=C\c1oc(cc1)[N+](=O)[O-])\C=C\c2oc(cc2)[N+](=O)[O-],nitrofuran
300,Dimethyl Dab9 Polymyxin B,CCCCCCCC(=O)N[C@@H](CCN)C(=O)N[C@@H]([C@@H](C)O)C(=O)N[C@@H](CCN)C(=O)N[C@H]1CCNC(=O)[C@@H](NC(=O)[C@H](CCNC(C)C)NC(=O)[C@H](CCN)NC(=O)[C@H](CC(C)C)NC(=O)[C@@H](Cc2ccccc2)NC(=O)[C@H](CCN)NC1=O)[C@@H](C)O,polymyxin
301,Dimethyl DNA31,CO[C@H]1\C=C\O[C@@]2(C)Oc3c(C)c(O)c4C(=O)C(=C5Oc6cc(cc(O)c6N=C5c4c3C2=O)N7CCC(CC7)N(C)C)NC(=O)\C(=C/C=C/[C@H](C)[C@H](O)[C@@H](C)[C@@H](O)[C@@H](C)[C@H](OC(=O)C)[C@@H]1C)\C,Ansamycin
302,Dimetridazole,Cc1ncc([N+](=O)[O-])n1C,nitroimidazole
303,Diproleandomycin,CCC(=O)O[C@H]1[C@H](C)O[C@H](C[C@@H]1OC)O[C@H]2[C@H](C)[C@@H](O[C@@H]3O[C@H](C)C[C@@H]([C@H]3O)N(C)C)[C@@H](C)C[C@@]4(CO4)C(=O)[C@H](C)[C@@H](OC(=O)CC)[C@@H](C)[C@@H](C)OC(=O)[C@@H]2C,macrolide
304,Dirithromycin,CC[C@H]1OC(=O)[C@H](C)[C@H](O[C@H]2C[C@@](C)(OC)[C@@H](O)[C@H](C)O2)[C@H](C)[C@@H](O[C@@H]3O[C@H](C)C[C@@H]([C@H]3O)N(C)C)[C@](C)(O)C[C@@H](C)[C@@H]4N[C@@H](COCCOC)O[C@H]([C@H]4C)[C@]1(C)O,macrolide
305,Distamycin A,Cn1cc(NC(=O)c2cc(NC(=O)c3cc(NC=O)cn3C)cn2C)cc1C(=O)NCCC(=N)N,oligopeptide
306,Dodeclonium,CCCCCCCCCCCC[N+](C)(C)CCOc1ccc(Cl)cc1,Quaternary ammonium
307,Domiphen,CCCCCCCCCCCC[N](C)(C)CCOc1ccccc1,Quaternary ammonium
308,Doripenem,C[C@@H](O)[C@@H]1[C@H]2[C@@H](C)C(=C(N2C1=O)C(=O)O)S[C@@H]3CN[C@H](CNS(=O)(=O)N)C3,Beta-lactam
309,Doxycycline,C[C@@H]1[C@H]2[C@H](O)[C@H]3[C@H](N(C)C)C(=C(C(=O)N)C(=O)[C@@]3(O)C(=C2C(=O)c4c(O)cccc14)O)O,Tetracycline
310,Enoxacin,CCN1C=C(C(=O)O)C(=O)c2cc(F)c(nc12)N3CCNCC3,Fluoroquinolone
311,Enrofloxacin,CCN1CCN(CC1)c2cc3N(C=C(C(=O)O)C(=O)c3cc2F)C4CC4,Fluoroquinolone
312,Eperezolid,CC(=O)NC[C@H]1CN(C(=O)O1)c2ccc(N3CCN(CC3)C(=O)CO)c(F)c2,oxazolidinone
313,Epicillin,CC1(C)S[C@@H]2[C@H](NC(=O)[C@H](N)C3=CCC=CC3)C(=O)N2[C@H]1C(=O)O,Beta-lactam
314,Epitetracycline,CN(C)[C@@H]1[C@@H]2C[C@H]3C(=C(O)[C@]2(O)C(=O)C(=C1O)C(=O)N)C(=O)c4c(O)cccc4[C@@]3(C)O,Tetracycline
315,Eravacycline,CN(C)[C@H]1[C@@H]2C[C@@H]3Cc4c(F)cc(NC(=O)CN5CCCC5)c(O)c4C(=O)C3=C(O)[C@]2(O)C(=O)C(=C1O)C(=O)N,Tetracycline
316,Eremomycin,CN[C@H](CC(C)C)C(=O)N[C@@H]1[C@H](O)c2ccc(Oc3cc4cc(Oc5ccc(cc5)[C@@H](O[C@H]6C[C@](C)(N)[C@@H](O)[C@H](C)O6)[C@@H]7NC(=O)[C@H](NC(=O)[C@@H]4NC(=O)[C@H](CC(=O)N)NC1=O)c8ccc(O)c(c8)c9c(O)cc(O)cc9[C@H](NC7=O)C(=O)O)c3O[C@@H]%10O[C@H](CO)[C@@H](O)[C@H](O)[C@H]%10O[C@H]%11C[C@](C)(N)[C@@H](O)[C@H](C)O%11)c(Cl)c2,Glycopeptide
317,Ertapenem,C[C@@H](O)[C@@H]1[C@H]2[C@@H](C)C(=C(N2C1=O)C(=O)O)S[C@@H]3CN[C@@H](C3)C(=O)Nc4cccc(c4)C(=O)O,Beta-lactam
318,Ertapenem Sodium,C[C@@H](O)[C@@H]1[C@H]2[C@@H](C)C(=C(N2C1=O)C(=O)O)S[C@@H]3CN[C@@H](C3)C(=O)Nc4cccc(c4)C(=O)[O-],Beta-lactam
319,Erythromycin,CC[C@H]1OC(=O)[C@H](C)[C@@H](O[C@H]2C[C@@](C)(OC)[C@@H](O)[C@H](C)O2)[C@H](C)[C@@H](O[C@@H]3O[C@H](C)C[C@@H]([C@H]3OC(=O)CC)N(C)C)[C@](C)(O)C[C@@H](C)C(=O)[C@H](C)[C@@H](O)[C@]1(C)O,macrolide
320,Erythromycin B,CC[C@H]1OC(=O)[C@H](C)[C@@H](O[C@H]2C[C@@](C)(OC)[C@@H](O)[C@H](C)O2)[C@H](C)[C@@H](O[C@@H]3O[C@H](C)C[C@@H]([C@H]3O)N(C)C)[C@](C)(O)C[C@@H](C)C(=O)[C@H](C)[C@@H](O)[C@H]1C,macrolide
321,Erythromycin_ethylsuccinate,CCOC(=O)CCC(=O)O[C@H]1[C@H](O[C@@H]2[C@@H](C)[C@H](O[C@H]3C[C@@](C)(OC)[C@@H](O)[C@H](C)O3)[C@@H](C)C(=O)O[C@H](CC)[C@@](C)(O)[C@H](O)[C@@H](C)C(=O)[C@H](C)C[C@@]2(C)O)O[C@H](C)C[C@@H]1N(C)C,macrolide
322,Etamocycline,CN(C)[C@H]1[C@@H]2C[C@H]3C(=C(O)[C@]2(O)C(=O)C(=C1O)C(=O)NCN(C)CCN(C)CNC(=O)C4=C(O)[C@H]([C@@H]5C[C@H]6C(=C(O)[C@]5(O)C4=O)C(=O)c7c(O)cccc7[C@@]6(C)O)N(C)C)C(=O)c8c(O)cccc8[C@@]3(C)O,Tetracycline
323,Ethacridine,CCOc1ccc2nc3cc(N)ccc3c(N)c2c1,Acridine derivative
324,Ethambutol,CC[C@@H](CO)NCCN[C@@H](CC)CO,Ethambutol
325,Ethionamide,CCc1cc(ccn1)C(=S)N,Ethionamide
326,Eugenol,COc1cc(CC=C)ccc1O,Phenylpropanoid
327,Faropenem,C[C@@H](O)[C@@H]1[C@H]2SC(=C(N2C1=O)C(=O)O)[C@H]3CCCO3,Beta-lactam
328,Faropenem Daloxate,C[C@@H](O)[C@@H]1[C@H]2SC(=C(N2C1=O)C(=O)OCC3=C(C)OC(=O)O3)[C@H]4CCCO4,Beta-lactam
329,Fexinidazole,CSc1ccc(OCc2ncc([N+](=O)[O-])n2C)cc1,nitroimidazole
330,Fidaxomicin,CC[C@H]1C=C(C)[C@@H](O)CC=CC=C(CO[C@@H]2O[C@H](C)[C@@H](OC(=O)c3c(O)c(Cl)c(O)c(Cl)c3CC)[C@H](O)[C@@H]2OC)C(=O)O[C@@H](CC=C(C)C=C(C)[C@@H]1O[C@@H]4OC(C)(C)[C@@H](OC(=O)C(C)C)[C@H](O)[C@@H]4O)[C@@H](C)O,macrolide
331,Finafloxacin,OC(=O)C1=CN(C2CC2)c3c(C#N)c(N4C[C@@H]5NCCO[C@H]5C4)c(F)cc3C1=O,Fluoroquinolone
332,Fleroxacin,CN1CCN(CC1)c2c(F)cc3C(=O)C(=CN(CCF)c3c2F)C(=O)O,Fluoroquinolone
333,Flomoxef,CO[C@]1(NC(=O)CSC(F)F)[C@H]2OCC(=C(N2C1=O)C(=O)O)CSc3nnnn3CCO,Beta-lactam
334,Florfenicol,CS(=O)(=O)c1ccc(cc1)[C@@H](O)[C@@H](CF)NC(=O)C(Cl)Cl,Fluorinated amphenicol
335,Flucloxacillin,Cc1onc(c1C(=O)N[C@H]2[C@H]3SC(C)(C)[C@@H](N3C2=O)C(=O)O)c4c(F)cccc4Cl,Beta-lactam
336,Flurithromycin,CC[C@H]1OC(=O)[C@H](C)[C@@H](O[C@H]2C[C@@](C)(OC)[C@@H](O)[C@H](C)O2)[C@H](C)[C@@H](O[C@@H]3O[C@H](C)C[C@@H]([C@H]3O)N(C)C)[C@](C)(O)C[C@](C)(F)C(=O)[C@H](C)[C@@H](O)[C@]1(C)O,macrolide
337,Fosfomycin,C[C@@H]1O[C@@H]1P(=O)(O)O,phosphonic
338,Fosmidomycin,ON(CCCP(=O)(O)O)C=O,phosphonic
339,Framycetin,NC[C@@H]1O[C@H](O[C@H]2[C@@H](O)[C@H](O[C@@H]3[C@@H](O)[C@H](N)C[C@H](N)[C@H]3O[C@@H]4O[C@H](CN)[C@H](O)[C@@H](O)[C@H]4N)O[C@@H]2CO)[C@H](N)[C@@H](O)[C@@H]1O,Aminoglycoside
340,Furagin,O[N](=O)c1oc(C=CC=NN2CC(=O)NC2=O)cc1,nitrofuran
341,Furazolidone,O[N](=O)c1oc(C=NN2CCOC2=O)cc1,nitrofuran
342,Fusafungine,CC(C)C1OC(=O)[C@H](C(C)C)N(C)C(=O)C(OC(=O)[C@H](C(C)C)N(C)C(=O)C(OC(=O)[C@H](C(C)C)N(C)C1=O)C(C)C)C(C)C,Cyclic?depsipeptide
343,Fusidic_acid,C[C@@H]1[C@H](O)CC[C@@]2(C)[C@H]1CC[C@@]3(C)[C@H]2[C@H](O)C[C@H]4C(=C(CCC=C(C)C)C(=O)O)[C@H](C[C@]34C)OC(=O)C,Fusidane
344,Gamithromycin,CCCN1C[C@H](C)[C@@H](O)[C@](C)(O)[C@@H](CC)OC(=O)[C@H](C)[C@@H](O[C@H]2C[C@@](C)(OC)[C@@H](O)[C@H](C)O2)[C@H](C)[C@@H](O[C@@H]3O[C@H](C)C[C@@H]([C@H]3O)N(C)C)[C@](C)(O)C[C@H]1C,macrolide
345,Gamma-Cbz-L-Lysyl Dab9 Polymyxin B,CCCCCCCC(=O)N[C@@H](CCN)C(=O)N[C@@H]([C@@H](C)O)C(=O)N[C@@H](CCN)C(=O)N[C@H]1CCNC(=O)[C@@H](NC(=O)[C@H](CCNC(=O)CNCCCCNC(=O)OCc2ccccc2)NC(=O)[C@H](CCN)NC(=O)[C@H](CC(C)C)NC(=O)[C@@H](Cc3ccccc3)NC(=O)[C@H](CCN)NC1=O)[C@@H](C)O,polymyxin
346,Garenoxacin,C[C@H]1NCc2cc(ccc12)c3ccc4C(=O)C(=CN(C5CC5)c4c3OC(F)F)C(=O)O,quinolone
347,Gatifloxacin,COc1c(N2CCNC(C)C2)c(F)cc3C(=O)C(=CN(C4CC4)c13)C(=O)O,Fluoroquinolone
348,Gemifloxacin,CON=C1CN(CC1CN)c2nc3N(C=C(C(=O)O)C(=O)c3cc2F)C4CC4,Fluoroquinolone
349,Gentamicin,CNC(C)[C@@H]1CC[C@@H](N)[C@@H](OC2[C@@H](N)C[C@@H](N)[C@H](OC3OC[C@](C)(O)[C@H](NC)[C@H]3O)[C@H]2O)O1,Aminoglycoside
350,Gentamicin B,CN[C@@H]1[C@@H](O)[C@@H](O[C@H]2[C@H](N)C[C@H](N)[C@@H](O[C@H]3O[C@H](CN)[C@@H](O)[C@H](O)[C@H]3O)[C@@H]2O)OC[C@]1(C)O,Aminoglycoside
351,Gepotidacin,O=C1C=CC2=C3N1C[C@@H](CN4CCC(CC4)NCc5cc6CCCOc6cn5)N3C(=O)C=N2,Triazaacenaphthylene
352,Gloximonam,CO\N=C(/C(=O)N[C@H]1[C@H](C)N(OCC(=O)OCC(=O)OC(C)(C)C)C1=O)\c2csc(N)n2,Beta-lactam
353,Gramicidin,CC(C)C[C@@H]1NC(=O)[C@H](CCCN)NC(=O)[C@H](NC(=O)[C@@H]2CCCN2C(=O)[C@@H](Cc3ccccc3)NC(=O)[C@H](CC(C)C)NC(=O)[C@H](CCCN)NC(=O)[C@@H](NC(=O)[C@@H]4CCCN4C(=O)[C@@H](Cc5ccccc5)NC1=O)C(C)C)C(C)C,polypeptide
354,Gramicidin S,CC(C)C[C@@H]1NC(=O)[C@H](CCCN)NC(=O)[C@@H](NC(=O)[C@@H]2CCCN2C(=O)[C@@H](Cc3ccccc3)NC(=O)[C@H](CC(C)C)NC(=O)[C@H](CCCN)NC(=O)[C@@H](NC(=O)[C@@H]4CCCN4C(=O)[C@@H](Cc5ccccc5)NC1=O)C(C)C)C(C)C,polypeptide
355,Gramicidin_d,CC(C)C[C@@H](NC(=O)CNC(=O)[C@@H](NC=O)C(C)C)C(=O)N[C@@H](C)C(=O)N[C@H](C(C)C)C(=O)N[C@@H](C(C)C)C(=O)N[C@H](C(C)C)C(=O)N[C@@H](Cc1c[nH]c2ccccc12)C(=O)N[C@H](CC(C)C)C(=O)N[C@@H](Cc3c[nH]c4ccccc34)C(=O)N[C@H](CC(C)C)C(=O)N[C@@H](Cc5c[nH]c6ccccc56)C(=O)N[C@H](CC(C)C)C(=O)N[C@@H](Cc7c[nH]c8ccccc78)C(=O)NCCO,polypeptide
356,Grepafloxacin,CC1CN(CCN1)c2cc3N(C=C(C(=O)O)C(=O)c3c(C)c2F)C4CC4,Fluoroquinolone
357,Guamecycline,CN(C)[C@H]1[C@@H]2C[C@H]3C(=C(O)[C@]2(O)C(=O)C(=C1O)C(=O)NCN4CCN(CC4)C(=N)NC(=N)N)C(=O)c5c(O)cccc5[C@@]3(C)O,Tetracycline
358,Hetacillin,CC1(C)S[C@@H]2[C@H](N3C(=O)[C@H](NC3(C)C)c4ccccc4)C(=O)N2[C@H]1C(=O)O,Beta-lactam
359,Hexachlorophene,Oc1c(Cl)cc(Cl)c(Cl)c1Cc2c(O)c(Cl)cc(Cl)c2Cl,Halogenated bisphenol
360,Hexanoyl Fatty Acyl Polymyxin B,CCCCCC(=O)N[C@@H](CCN)C(=O)N[C@H]([C@@H](C)O)C(=O)N[C@@H](CCN)C(=O)N[C@H]1CCNC(=O)[C@H](NC(=O)[C@H](CCN)NC(=O)[C@H](CCN)NC(=O)[C@H](CC(C)C)NC(=O)[C@@H](Cc2ccccc2)NC(=O)[C@H](CCN)NC1=O)[C@@H](C)O,polymyxin
361,Hexetidine,CCCCC(CC)CN1CN(CC(CC)CCCC)CC(C)(N)C1,Hexahydropyrimidine
362,Hexylresorcinol,CCCCCCc1ccc(O)cc1O,Alkylated dihydroxybenzene
363,Hikizimycin,N[C@H]1[C@H](O)[C@@H](CO)O[C@@H](O[C@H]([C@@H](O)[C@@H](O)[C@H](O)[C@H](O)CO)[C@H]2O[C@H]([C@H](O)[C@@H](O)[C@@H]2N)N3C=CC(=NC3=O)N)[C@@H]1O,nucleoside
364,Hydroxyacetyl Dab9 Polymyxin B,CCCCCCCC(=O)N[C@@H](CCN)C(=O)N[C@@H]([C@@H](C)O)C(=O)N[C@@H](CCN)C(=O)N[C@H]1CCNC(=O)[C@@H](NC(=O)[C@H](CCNC(=O)CO)NC(=O)[C@H](CCN)NC(=O)[C@H](CC(C)C)NC(=O)[C@@H](Cc2ccccc2)NC(=O)[C@H](CCN)NC1=O)[C@@H](C)O,polymyxin
365,Hymeglusin,C[C@H](CCCC[C@H]1OC(=O)[C@@H]1CO)C\C(=C\C(=C\C(=O)O)\C)\C,Beta-lactam
366,Iclaprim,COc1cc(Cc2cnc(N)nc2N)c3C=CC(Oc3c1OC)C4CC4,Diaminopyrimidine
367,Idremcinal,CC[C@H]1OC(=O)[C@H](C)[C@@H](O[C@H]2C[C@@](C)(OC)[C@@H](O)[C@H](C)O2)[C@H](C)[C@@H](O[C@@H]3O[C@H](C)C[C@@H]([C@H]3O)N(C)C(C)C)[C@@]4(C)CC(=C(O4)[C@H](C)[C@@H](O)[C@]1(C)O)C,macrolide
368,Imipenem,C[C@@H](O)[C@@H]1[C@H]2CC(=C(N2C1=O)C(=O)O)SCCNC=N,Beta-lactam
369,Imiquimod,CC(C)Cn1cnc2c(N)nc3ccccc3c12,Imidazoquinolines
370,Inosine,OC[C@H]1O[C@H]([C@H](O)[C@@H]1O)n2cnc3C(=O)NC=Nc23,nucleoside
371,Isepamicin,CN[C@@H]1[C@@H](O)[C@@H](O[C@@H]2[C@@H](O)[C@H](O[C@H]3O[C@H](CN)[C@@H](O)[C@H](O)[C@H]3O)[C@@H](N)C[C@H]2NC(=O)[C@@H](O)CN)OC[C@]1(C)O,Aminoglycoside
372,Isoniazid,NNC(=O)c1ccncc1,Isoniazid
373,Josamycin,CO[C@H]1[C@@H](CC(=O)O[C@H](C)CC=CC=C[C@H](O)[C@H](C)C[C@H](CC=O)[C@@H]1O[C@@H]2O[C@H](C)[C@@H](O[C@H]3C[C@@](C)(OC(=O)CC(C)C)[C@@H](O)[C@H](C)O3)[C@@H]([C@H]2O)N(C)C)OC(=O)C,macrolide
374,Kalamycin; Nsc 137443; U 19718,CC1OC2OC(=O)OC2C3=C1C(=O)c4c(O)cccc4C3=O,polyketide
375,Lagosin,CCCCC[C@@H](O)[C@@H]1[C@@H](O)C[C@@H](O)C[C@@H](O)C[C@@H](O)C[C@@H](O)C[C@@H](O)[C@@H](O)[C@H](O)\C(=C\C=C\C=C\C=C\C=C\[C@H](O)[C@@H](C)OC1=O)\C,macrolide
376,Laidlomycin Propionate,CCC(=O)OC[C@]1(O)O[C@@H]([C@@H](C)C[C@H]1C)[C@H]2C[C@H](C)[C@@H](O2)[C@]3(C)CC[C@@H](O3)[C@]4(C)CC[C@]5(C[C@H](O)[C@@H](C)[C@H](O5)[C@@H](C)[C@@H](OC(=O)CC)[C@H](C)C(=O)[O-])O4,polyether
377,L-Alpha-Nh2-Octanoyl Dab9 Polymyxin B,CCCCCCCC(N)NCC[C@@H]1NC(=O)[C@H](CCN)NC(=O)[C@H](CC(C)C)NC(=O)[C@@H](Cc2ccccc2)NC(=O)[C@H](CCN)NC(=O)[C@H](CCNC(=O)[C@@H](NC1=O)[C@@H](C)O)NC(=O)[C@H](CCN)NC(=O)[C@@H](NC(=O)[C@H](CCN)NC(=O)CCCCCCC)[C@@H](C)O,polymyxin
378,Lansoprazole,Cc1c(OCC(F)(F)F)ccnc1C[S+]([O-])c2nc3ccccc3[nH]2,proton pump inhibitor
379,Laramycin,CC(O[C@@H]1O[C@@H](C)[C@@H](O)[C@@H](O)[C@@H]1O[C@H]2O[C@H](CO)[C@@H](O)[C@@H](OC(=O)N)[C@@H]2O)[C@H](NC(=O)c3nc(nc(N)c3C)[C@H](CC(=O)N)NC[C@H](N)C(=O)N)C(=O)N[C@H](CCO)[C@@H](O)[C@H](C)C(=O)N[C@H](C(=O)NCCC4=N[C@H](CS4)c5nc(cs5)C(=O)NCCCC(=N)N)C(C)(C)O,Glycopeptide
380,Lascufloxacin,COc1c(N2C[C@@H](F)[C@@H](CNC3CC3)C2)c(F)cc4C(=O)C(=CN(CCF)c14)C(=O)O,Fluoroquinolone
381,Latamoxef,CO[C@]1(NC(=O)C(C(=O)O)c2ccc(O)cc2)[C@H]3OCC(=C(N3C1=O)C(=O)O)CSc4nnnn4C,Beta-lactam
382,Lefamulin,C[C@@H]1CC[C@@]23CCC(=O)[C@H]2[C@]1(C)[C@@H](C[C@@](C)(C=C)[C@@H](O)[C@@H]3C)OC(=O)CS[C@@H]4CC[C@@H](N)C[C@H]4O,pleuromutilin 
383,Lenapenem,CNCC[C@@H](O)[C@@H]1C[C@@H](CN1)SC2=C(N3[C@H]([C@H]2C)[C@@H]([C@@H](C)O)C3=O)C(=O)O,Beta-lactam
384,Leucomycin A1,CO[C@H]1[C@H](O)CC(=O)O[C@H](C)C\C=C\C=C\[C@H](O)[C@H](C)C[C@H](CC=O)[C@@H]1O[C@@H]2O[C@H](C)[C@@H](O[C@H]3C[C@@](C)(O)[C@@H](OC(=O)CC(C)C)[C@H](C)O3)[C@@H]([C@H]2O)N(C)C,macrolide
385,Levofloxacin,C[C@H]1COc2c(N3CCN(C)CC3)c(F)cc4C(=O)C(=CN1c24)C(=O)O,Fluoroquinolone
386,Levonadifloxacin,C[C@H]1CCc2c(N3CCC(O)CC3)c(F)cc4C(=O)C(=CN1c24)C(=O)O,Fluoroquinolone
387,Lexithromycin,CC[C@H]1OC(=O)[C@H](C)[C@@H](O[C@H]2C[C@@](C)(OC)[C@@H](O)[C@H](C)O2)[C@H](C)[C@@H](O[C@@H]3O[C@H](C)C[C@@H]([C@H]3O)N(C)C)[C@](C)(O)C[C@@H](C)\C(=N\OC)\[C@H](C)[C@@H](O)[C@]1(C)O,macrolide
388,Lincomycin,CCC[C@@H]1C[C@H](N(C)C1)C(=O)N[C@H]([C@@H](C)O)[C@H]2O[C@H](SC)[C@H](O)[C@@H](O)[C@H]2O,Lincosamide
389,Linezolid,CC(=O)NC[C@H]1CN(C(=O)O1)c2ccc(N3CCOCC3)c(F)c2,oxazolidinone
390,Lividomycin A,NC[C@@H]1O[C@H](O[C@H]2[C@@H](O)[C@H](O[C@@H]3[C@@H](O)[C@H](N)C[C@H](N)[C@H]3O[C@H]4O[C@H](CO)[C@@H](O)C[C@H]4N)O[C@@H]2CO)[C@H](N)[C@@H](O)[C@@H]1O[C@H]5O[C@H](CO)[C@@H](O)[C@H](O)[C@@H]5O,Aminocyclitol
391,L-Lysyl Dab9 Polymyxin B,CCCCCCCC(=O)N[C@@H](CCN)C(=O)N[C@@H]([C@@H](C)O)C(=O)N[C@@H](CCN)C(=O)N[C@H]1CCNC(=O)[C@@H](NC(=O)[C@H](CCNC(=O)C(N)CCCN)NC(=O)[C@H](CCN)NC(=O)[C@H](CC(C)C)NC(=O)[C@@H](Cc2ccccc2)NC(=O)[C@H](CCN)NC1=O)[C@@H](C)O,polymyxin
392,Lomefloxacin,CCN1C=C(C(=O)O)C(=O)c2cc(F)c(N3CCNC(C)C3)c(F)c12,Fluoroquinolone
393,Loracarbef,N[C@@H](C(=O)N[C@H]1[C@H]2CCC(=C(N2C1=O)C(=O)O)Cl)c3ccccc3,Beta-lactam
394,Lymecycline,CN(C)[C@H]1[C@@H]2C[C@H]3C(=C(O)[C@]2(O)C(=O)C(=C1O)C(=O)NCNCCCC[C@H](N)C(=O)O)C(=O)c4c(O)cccc4[C@@]3(C)O,Tetracycline
395,Maduramicin,CO[C@H]1C[C@@H](O[C@H]2C[C@@H](O[C@H]2[C@]3(C)CC[C@@H](O3)[C@]4(C)CC[C@]5(C[C@H](O)[C@@H](C)[C@H](O5)[C@@H](C)[C@@H]6O[C@](O)(CC(=O)O)[C@@H](C)[C@H](OC)[C@H]6OC)O4)[C@H]7O[C@](C)(O)[C@H](C)C[C@@H]7C)O[C@@H](C)[C@@H]1OC,polyether
396,Mafenide,NCc1ccc(cc1)S(=O)(=O)N,Sulfonamide
397,Maridomycin,CCC(=O)O[C@@H]1CC(=O)O[C@H](C)C[C@@H]2O[C@H]2\C=C\[C@H](O)[C@H](C)C[C@H](CC=O)[C@H](O[C@@H]3O[C@H](C)[C@@H](O[C@H]4C[C@@](C)(O)[C@@H](OC(=O)CC)[C@H](C)O4)[C@@H]([C@H]3O)N(C)C)[C@H]1OC,macrolide
398,M-Cresol,Cc1cccc(O)c1,M-Cresol
399,Mecetronium,CCCCCCCCCCCCCCCC[N+](C)(C)CC,Quaternary ammonium
400,Mecillinam,CC1(C)S[C@@]2[C@H](N=CN3CCCCCC3)C(=O)N2[C@H]1C(=O)O,Beta-lactam
401,Meclocycline,CN(C)[C@H]1[C@@H]2[C@@H](O)[C@@H]3C(=C)c4c(Cl)ccc(O)c4C(=O)C3=C(O)[C@]2(O)C(=O)C(=C1O)C(=O)N,Tetracycline
402,Megalomicin A,CC[C@H]1OC(=O)[C@H](C)[C@@H](O[C@H]2C[C@@](C)(O)[C@@H](O)[C@H](C)O2)[C@H](C)[C@@H](O[C@@H]3O[C@H](C)C[C@@H]([C@H]3O)N(C)C)[C@@](C)(C[C@@H](C)C(=O)[C@H](C)[C@@H](O)[C@]1(C)O)O[C@H]4C[C@H]([C@@H](O)[C@H](C)O4)N(C)C,macrolide
403,Meglucycline,CN(C)[C@H]1[C@@H]2C[C@H]3C(=C(O)[C@]2(O)C(=O)C(=C1O)C(=O)NCN[C@H]4[C@H](O)O[C@H](CO)[C@@H](O)[C@@H]4O)C(=O)c5c(O)cccc5[C@@]3(C)O,Tetracycline
404,Meropenem,C[C@@H](O)[C@@H]1[C@H]2[C@@H](C)C(=C(N2C1=O)C(=O)O)S[C@@H]3CN[C@@H](C3)C(=O)N(C)C,Beta-lactam
405,Metacycline,CN(C)[C@H]1[C@@H]2[C@@H](O)[C@@H]3C(=C)c4cccc(O)c4C(=O)C3=C(O)[C@]2(O)C(=O)C(=C1O)C(=O)N,Tetracycline
406,Metampicillin,CC1(C)S[C@@H]2[C@H](NC(=O)[C@H](N=C)c3ccccc3)C(=O)N2[C@H]1C(=O)O,Beta-lactam
407,Methenamine,C1N2CN3CN(CN1C3)C2,Aminomethylol
408,Methenamine Hippurate,OC(=O)CNC(=O)c1ccccc1.C2N3CN4CN(CN2C4)C3,Aminomethylol
409,Meticillin,COc1cccc(OC)c1C(=O)N[C@H]2[C@H]3SC(C)(C)[C@@H](N3C2=O)C(=O)O,Beta-lactam
410,Metronidazole,Cc1ncc(n1CCO)[N](=O)O,Nitroimidazole
411,Metronidazole_benzoate,Cc1ncc(n1CCOC(=O)c2ccccc2)[N](=O)O,Nitroimidazole
412,Mezlocillin,CC1(C)S[C@@H]2[C@H](NC(=O)[C@H](NC(=O)N3CCN(C3=O)S(=O)(=O)C)c4ccccc4)C(=O)N2[C@H]1C(=O)O,Beta-lactam
413,Micronomicin,CNC[C@@H]1CC[C@@H](N)[C@@H](O[C@@H]2[C@@H](N)C[C@@H](N)[C@H](O[C@H]3OC[C@](C)(O)[C@H](NC)[C@H]3O)[C@H]2O)O1,Aminoglycoside
414,Midecamycin,CCC(=O)O[C@@H]1CC(=O)O[C@H](C)CC=CC=C[C@H](O)[C@H](C)C[C@H](CC=O)[C@H](O[C@@H]2O[C@H](C)[C@@H](O[C@H]3C[C@@](C)(O)[C@@H](OC(=O)CC)[C@H](C)O3)[C@@H]([C@H]2O)N(C)C)[C@H]1OC,Macrolide
415,Midecamycin Acetate,CCC(=O)O[C@@H]1CC(=O)O[C@H](C)C\C=C\C=C\[C@H](OC(=O)C)[C@H](C)C[C@H](CC=O)[C@H](O[C@@H]2O[C@H](C)[C@@H](O[C@H]3C[C@@](C)(OC(=O)C)[C@@H](OC(=O)CC)[C@H](C)O3)[C@@H]([C@H]2O)N(C)C)[C@H]1OC,macrolide
416,Mikamycin,CC[C@H]1NC(=O)[C@@H](NC(=O)c2ncccc2O)[C@@H](C)OC(=O)[C@@H](NC(=O)[C@@H]3CC(=O)CCN3C(=O)[C@H](Cc4ccc(cc4)N(C)C)N(C)C(=O)[C@@H]5CCCN5C1=O)c6ccccc6,streptogramin
417,Minocycline,CN(C)[C@H]1[C@@H]2C[C@@H]3Cc4c(ccc(O)c4C(=O)C3=C(O)[C@]2(O)C(=O)C(=C1O)C(=O)N)N(C)C,Tetracycline
418,Mirincamycin,CCCCC[C@H]1CN[C@@H](C1)C(=O)N[C@@H]([C@@H](C)Cl)[C@H]2O[C@H](SC)[C@H](O)[C@@H](O)[C@H]2O,Lincosamide
419,Mirosamicin,CC[C@H]1OC(=O)\C=C\[C@H](C)[C@@H](O[C@@H]2O[C@H](C)C[C@@H]([C@H]2O)N(C)C)[C@@H](C)C[C@@H](C)C(=O)\C=C\[C@@H]3O[C@H]3[C@]1(O)CO[C@@H]4O[C@H](C)[C@@H](O)[C@@H](OC)[C@H]4OC,macrolide
420,Mitemcinal,CC[C@H]1OC(=O)[C@H](C)[C@@H](O[C@H]2C[C@@](C)(OC)[C@@H](O)[C@H](C)O2)[C@H](C)[C@@H](O[C@@H]3O[C@H](C)C[C@@H]([C@H]3O)N(C)C(C)C)[C@@]4(C)CC(=C(O4)[C@H](C)C(=O)[C@]1(C)OC)C,macrolide
421,Modithromycin,CC[C@H]1OC(=O)[C@H](C)C(=O)[C@H](C)[C@@H](O[C@@H]2O[C@H](C)C[C@@H]([C@H]2O)N(C)C)[C@@]3(C)C[C@@H](C)\C(=N/C(=O)C)\[C@H](C)[C@@H](OC\C(=N/OCc4ccc(nc4)n5cccn5)\CO3)[C@]1(C)O,macrolide
422,Moenomycin,CC1OC(OC2C(O)C(NC(=O)C)C(OC3C(OP(=O)(O)OCC(OCC=C(C)CCC=CC(C)(C)CCC(=C)CC=C(C)CCC=C(C)C)C(=O)O)OC(C(=O)O)C(C)(O)C3OC(=O)N)OC2COC4OC(CO)C(O)C(O)C4O)C(NC(=O)C)C(O)C1OC5OC(C(O)C(O)C5O)C(=O)NC6C(=O)CCC6=O,Glycopeptide
423,Moxalactam,CO[C@]1(NC(=O)[C@H](C(=O)O)c2ccc(O)cc2)[C@H]3OCC(=C(N3C1=O)C(=O)O)CSc4nnnn4C,Bata-lactam
424,Moxifloxacin,COc1c(N2C[C@@H]3CCCN[C@@H]3C2)c(F)cc4C(=O)C(=CN(C5CC5)c14)C(=O)O,Fluoroquinolone
425,M-Tolyl Acetate,CC(=O)Oc1cccc(C)c1,Aromatic ester
426,Mupirocin,C[C@H](O)[C@H](C)[C@@H]1O[C@H]1C[C@H]2CO[C@@H](CC(=CC(=O)OCCCCCCCCC(=O)O)C)[C@H](O)[C@@H]2O,monocarboxylic acid
427,Mureidomycin D*,CSCC[C@H](N)C(=O)C[C@H]([C@@H](N)C(=O)N(\C=C\1/C[C@@H](O)[C@H](O1)N2CCC(=O)NC2=O)C(=O)N[C@@H](Cc3cccc(O)c3)C(=O)O)N(C)C(=O)[C@H](Cc4cccc(O)c4)NC(=O)CN,Polypeptide
428,Nadifloxacin,CC1CCc2c(N3CCC(O)CC3)c(F)cc4C(=O)C(=CN1c24)C(=O)O,Fluoroquinolone
429,Nafcillin,CCOc1ccc2ccccc2c1C(=O)N[C@H]3[C@H]4SC(C)(C)[C@@H](N4C3=O)C(=O)O,Beta-lactam
430,Nafithromycin,CC[C@H]1OC(=O)[C@H](C)C(=O)[C@H](C)[C@@H](O[C@@H]2O[C@H](C)C[C@@H]([C@H]2O)N(C)C)[C@@](C)(C[C@@H](C)C(=O)[C@H](C)[C@H]3[C@H](\C(=N\O[C@@H](C)c4nnc(s4)c5ccccn5)\N)C(=O)O[C@]13C)OC,macrolide
431,Nalidixic,CCN1C=C(C(=O)O)C(=O)c2ccc(C)nc12,quinolone
432,Natamycin,C[C@@H]1C\C=C\C=C\C=C\C=C\[C@@H](C[C@@H]2O[C@](O)(C[C@@H](O)C[C@H]3O[C@@H]3\C=C\C(=O)O1)C[C@H](O)[C@H]2C(=O)O)O[C@@H]4O[C@H](C)[C@@H](O)[C@H](N)[C@@H]4O,macrolide
433,N-Chloro-P-Toluenesulfonamide,Cc1ccc(cc1)S(=O)(=O)NCl,Sulfonamide
434,Nemonoxacin,COc1c(ccc2C(=O)C(=CN(C3CC3)c12)C(=O)O)N4C[C@@H](C)C[C@H](N)C4,Fluoroquinolone
435,Neomycin,NC[C@@H]1O[C@H](O[C@H]2[C@@H](O)[C@H](O[C@@H]3[C@@H](O)[C@H](N)C[C@H](N)[C@H]3O[C@H]4O[C@H](CN)[C@@H](O)[C@H](O)[C@H]4N)O[C@@H]2CO)[C@H](N)[C@@H](O)[C@@H]1O,Aminoglycoside
436,Netilmicin,CCN[C@@H]1C[C@H](N)[C@@H](O[C@H]2OC(=CC[C@H]2N)CN)[C@H](O)[C@H]1O[C@H]3OC[C@](C)(O)[C@H](NC)[C@H]3O,Aminoglycoside
437,Nifurfoline,[O-][N+](=O)c1oc(\C=N\N2CC(=O)N(CN3CCOCC3)C2=O)cc1,nitrofuran
438,Nifuroxazide,Oc1ccc(cc1)C(=O)N\N=C\c2oc(cc2)[N+](=O)[O-],nitrofuran
439,Nifurquinazol,OCCN(CCO)c1nc(nc2ccccc12)c3oc(cc3)[N+](=O)[O-],nitrofuran
440,Nifurtoinol,OCN1C(=O)CN(N=Cc2oc(cc2)[N](=O)O)C1=O,Nitrofuran
441,Nifurzide,[O-][N+](=O)c1oc(\C=C\C=N\NC(=O)c2ccc(s2)[N+](=O)[O-])cc1,nitrofuran
442,Nikkomycin Z,C[C@@H]([C@H](N)C(=O)N[C@@H]([C@H]1O[C@H]([C@H](O)[C@@H]1O)N2C=CC(=O)NC2=O)C(=O)O)[C@H](O)c3ccc(O)cn3,nucleoside
443,Nimorazole,[O-][N+](=O)c1cncn1CCN2CCOCC2,nitroimidazole
444,Nitrocycline,CN(C)[C@H]1[C@@H]2C[C@@H]3Cc4c(C(=O)C3=C(O)[C@]2(O)C(=O)C(=C1O)C(=O)N)c(O)ccc4[N+](=O)[O-],Tetracycline
445,Nitrofurantoin,O[N](=O)c1oc(C=NN2CC(=O)NC2=O)cc1,Nitrofuran
446,Nitrofurazone,NC(=O)NN=Cc1oc(cc1)[N](=O)O,Nitrofuran
447,Norfloxacin,CCN1C=C(C(=O)O)C(=O)c2cc(F)c(cc12)N3CCNCC3,Fluoroquinolone
448,Novobiocin,CO[C@@H]1[C@@H](OC(=O)N)[C@H](O)[C@@H](Oc2ccc3C(=C(NC(=O)c4ccc(O)c(CC=C(C)C)c4)C(=O)Oc3c2C)O)OC1(C)C,Aminocoumarin
449,Nsc-758938,CN[C@H]1[C@@H](O)C2O[C@H](O[C@@H]3[C@@H](N)C[C@@H](N)[C@H](O)[C@H]3O)[C@H](N)CC2O[C@@H]1O[C@H]4O[C@H](CO)[C@@H](N)[C@H](O)[C@H]4O,Aminoglycoside
450,Nystatin,C[C@@H]1OC(=O)C[C@H](O)C[C@H](O)C[C@H](O)CC[C@@H](O)[C@H](O)C[C@]2(O)C[C@H](O)[C@H]([C@H](C[C@@H](O[C@@H]3O[C@H](C)[C@@H](O)[C@H](N)[C@@H]3O)\C=C\C=C\C=C\C=C\CC\C=C\C=C\[C@H](C)[C@@H](O)[C@H]1C)O2)C(=O)O,polyene
451,Octanoyl Polymixin B Nonapeptide,CCCCCCCC(=O)N[C@@H]([C@@H](C)O)C(=O)N[C@@H](CCN)C(=O)N[C@H]1CCNC(=O)[C@@H](NC(=O)[C@H](CCN)NC(=O)[C@H](CCN)NC(=O)[C@H](CC(C)C)NC(=O)[C@@H](Cc2ccccc2)NC(=O)[C@H](CCN)NC1=O)[C@@H](C)O,polymyxin
452,Octenidine,CCCCCCCCN=C1C=CN(CCCCCCCCCCN2C=CC(=NCCCCCCCC)C=C2)C=C1,Bis(pyridine) cationic
453,Ofloxacin,CC1COc2c(N3CCN(C)CC3)c(F)cc4C(=O)C(=CN1c24)C(=O)O,Fluoroquinolone
454,Oleandomycin,CO[C@H]1C[C@H](O[C@H]2[C@H](C)[C@@H](O[C@@H]3O[C@H](C)C[C@@H]([C@H]3O)N(C)C)[C@@H](C)C[C@@]4(CO4)C(=O)[C@H](C)[C@@H](O)[C@@H](C)[C@@H](C)OC(=O)[C@@H]2C)O[C@@H](C)[C@@H]1O,macrolide
455,Oligomycin D,CC[C@@H]1CC[C@@H]2O[C@]3(CC[C@H](C)[C@H](C[C@@H](C)O)O3)C[C@H](OC(=O)\C=C\[C@H](C)[C@@H](O)[C@H](C)C(=O)[C@H](C)[C@@H](O)[C@H](C)C(=O)[C@](C)(O)[C@@H](O)[C@H](C)C\C=C\C=C\1)[C@@H]2C,macrolide
456,Omadacycline,CN(C)[C@H]1[C@@H]2C[C@@H]3Cc4c(cc(CNCC(C)(C)C)c(O)c4C(=O)C3=C(O)[C@]2(O)C(=O)C(=C1O)C(=O)N)N(C)C,Tetracycline
457,Oritavancin,CN[C@H](CC(C)C)C(=O)N[C@@H]1[C@H](O)c2ccc(Oc3cc4cc(Oc5ccc(cc5Cl)[C@@H](O[C@H]6C[C@](C)(N)[C@@H](O)[C@H](C)O6)[C@@H]7NC(=O)[C@H](NC(=O)[C@@H]4NC(=O)[C@H](CC(=O)N)NC1=O)c8ccc(O)c(c8)c9c(O)cc(O)cc9[C@H](NC7=O)C(=O)O)c3O[C@@H]%10O[C@H](CO)[C@@H](O)[C@H](O)[C@H]%10O[C@H]%11C[C@](C)(NCc%12ccc(cc%12)c%13ccc(Cl)cc%13)[C@@H](O)[C@H](C)O%11)c(Cl)c2,Glycopeptide
458,Ornidazole,Cc1ncc([N+](=O)[O-])n1CC(O)CCl,nitroimidazole
459,Oxacillin,Cc1onc(c2ccccc2)c1C(=O)N[C@H]3[C@H]4SC(C)(C)[C@@H](N4C3=O)C(=O)O,Beta-lactam
460,Oximonamum,CO\N=C(/C(=O)N[C@H]1[C@H](C)N(OCC(=O)O)C1=O)\c2csc(N)n2,Beta-lactam
461,Oxyquinoline,Oc1cccc2cccnc12,Quinoline
462,Oxytetracycline,CN(C)[C@H]1[C@@H]2[C@@H](O)[C@H]3C(=C(O)[C@]2(O)C(=O)C(=C1O)C(=O)N)C(=O)c4c(O)cccc4[C@@]3(C)O,Tetracycline
463,Ozenoxacin,CNc1ncc(cc1C)c2ccc3C(=O)C(=CN(C4CC4)c3c2C)C(=O)O,quinolone
464,Paldimycin B,CO[C@H]1C[C@H](O[C@H]2[C@@H](O)C(O[C@H](COC(=O)C)[C@H]2OC(=O)C(NC(=S)SC[C@H](NC(=O)C)C(=O)O)C(C)SC[C@H](NC(=O)C)C(=O)O)[C@@]3(O)CC(=O)C(=C(C(=O)O)C3=O)N)O[C@@H](C)[C@]1(O)[C@@H](C)OC(=O)C(C)C,paulomycin
465,Panipenem,C[C@@H](O)[C@@H]1[C@H]2CC(=C(N2C1=O)C(=O)O)S[C@H]3CCN(C3)C(=N)C,Beta-lactam
466,Parachlorophenol,Oc1ccc(Cl)cc1,Phenolic
467,Paromomycin,NC[C@@H]1O[C@H](O[C@H]2[C@@H](O)[C@H](O[C@@H]3[C@@H](O)[C@H](N)C[C@H](N)[C@H]3O[C@H]4O[C@H](CO)[C@@H](O)[C@H](O)[C@H]4N)O[C@@H]2CO)[C@H](N)[C@@H](O)[C@@H]1O,Aminoglycoside
468,Pazufloxacin,C[C@H]1COc2c3N1C=C(C(=O)O)C(=O)c3cc(F)c2C4(N)CC4,Fluoroquinolone
469,Pecilocin,CCCC[C@@H](O)\C=C(/C)\C=C\C=C\C(=O)N1CCCC1=O,n-acylpyrrolidines
470,Pecocycline,CN(C)[C@H]1[C@@H]2C[C@H]3C(=C(O)[C@]2(O)C(=O)C(=C1O)C(=O)NCN4CCCC(C4)C(=O)O)C(=O)c5c(O)cccc5[C@@]3(C)O,Tetracycline
471,Pefloxacin,CCN1C=C(C(=O)O)C(=O)c2cc(F)c(cc12)N3CCN(C)CC3,Fluoroquinolone
472,Penamecillin,CC(=O)OCOC(=O)[C@@H]1N2[C@H](SC1(C)C)[C@H](NC(=O)Cc3ccccc3)C2=O,Beta-lactam
473,Penicillin G,CC1(C)S[C@@H]2[C@H](NC(=O)Cc3ccccc3)C(=O)N2[C@H]1C(=O)O,Beta-lactam
474,Penimepicycline,CN(C)[C@H]1[C@@H]2C[C@H]3C(=C(O)[C@]2(O)C(=O)C(=C1O)C(=O)NCN4CCN(CCO)CC4)C(=O)c5c(O)cccc5[C@@]3(C)O,Tetracycline
475,Penimocycline,CN(C)[C@H]1[C@@H]2C[C@H]3C(=C(O)[C@]2(O)C(=O)C(=C1O)C(=O)NCN[C@@H](C(=O)N[C@H]4[C@H]5SC(C)(C)[C@@H](N5C4=O)C(=O)O)c6ccccc6)C(=O)c7c(O)cccc7[C@@]3(C)O,Tetracycline
476,Pentisomicin,CN[C@@H]1[C@@H](O)[C@@H](O[C@H]2[C@H](N)C[C@H](N)[C@@H](O[C@H]3OC(=CC[C@H]3N)CN)[C@H]2O)OC[C@]1(C)O,Aminoglycoside
477,Peplomycin,C[C@@H](O)[C@H](NC(=O)[C@@H](C)[C@H](O)[C@@H](C)NC(=O)[C@@H](NC(=O)c1nc(nc(N)c1C)[C@H](CC(=O)N)NC[C@H](N)C(=O)N)[C@@H](O[C@@H]2O[C@@H](CO)[C@@H](O)[C@H](O)[C@@H]2O[C@H]3O[C@H](CO)[C@@H](O)[C@H](OC(=O)N)[C@@H]3O)c4c[nH]cn4)C(=O)NCCc5nc(cs5)c6nc(cs6)C(=O)NCCCN[C@@H](C)c7ccccc7,Glycopeptide
478,Pf03709270,CCC(CC)C(=O)OCOC(=O)C1=C(S[C@H]2CC[S+]([O-])C2)S[C@@H]3[C@@H]([C@@H](C)O)C(=O)N13,Beta-lactam
479,Pheneticillin,CC(Oc1ccccc1)C(=O)N[C@H]2[C@H]3SC(C)(C)[C@@H](N3C2=O)C(=O)O,Beta-lactam
480,Phenol,Oc1ccccc1,Phenolic
481,Phenoxymethylpenicillin,CC1(C)S[C@@H]2[C@H](NC(=O)COc3ccccc3)C(=O)N2[C@H]1C(=O)O,Beta-lactam
482,Pipemidic,CCN1C=C(C(=O)O)C(=O)c2cnc(nc12)N3CCNCC3,Fluoroquinolone
483,Piperacillin,CCN1CCN(C(=O)N[C@@H](C(=O)N[C@H]2[C@H]3SC(C)(C)[C@@H](N3C2=O)C(=O)O)c4ccccc4)C(=O)C1=O,Beta-lactam
484,Pirazmonam,CC(C)(O\N=C(/C(=O)NC1CN(C(=O)NS(=O)(=O)N2CCN(NC(=O)C3=CC(=O)C(=CN3)O)C2=O)C1=O)\c4csc(N)n4)C(=O)O,Beta-lactam
485,Pirlimycin,CC[C@@H]1CCN[C@@H](C1)C(=O)N[C@H]([C@H](C)Cl)[C@H]2O[C@H](SC)[C@H](O)[C@@H](O)[C@H]2O,Lincosamide
486,Piromidic,CCN1C=C(C(=O)O)C(=O)c2cnc(nc12)N3CCCC3,quinolone
487,Pivampicillin,CC(C)(C)C(=O)OCOC(=O)[C@@H]1N2[C@H](SC1(C)C)[C@H](NC(=O)[C@H](N)c3ccccc3)C2=O,Beta-lactam
488,Pivmecillinam,CC(C)(C)C(=O)OCOC(=O)[C@@H]1N2[C@H](SC1(C)C)[C@H](N=CN3CCCCCC3)C2=O,Beta-lactam
489,Plazomicin,CN[C@@H]1[C@@H](O)[C@@H](O[C@@H]2[C@@H](O)[C@H](O[C@H]3OC(=CC[C@H]3N)CNCCO)[C@@H](N)C[C@H]2NC(=O)[C@@H](O)CCN)OC[C@]1(C)O,Aminoglycoside
490,Polihexanide,CCCCCCNC(=N)NC(=N)N,Polybiguanide
491,Polymyxin B,CCC(C)CCCCC(=O)N[C@@H](CCN)C(=O)N[C@H]1CCNC(=O)[C@@H](NC(=O)[C@H](CCN)NC(=O)[C@H](CCN)NC(=O)[C@H](CC(C)C)NC(=O)[C@@H](Cc2ccccc2)NC(=O)[C@H](CCN)NC1=O)[C@@H](C)O,Polypeptide
492,Polymyxin B nonapeptide,CC(C)C[C@@H]1NC(=O)[C@@H](Cc2ccccc2)NC(=O)[C@H](CCN)NC(=O)[C@H](CCNC(=O)[C@@H](NC(=O)[C@H](CCN)NC(=O)[C@H](CCN)NC1=O)[C@@H](C)O)NC(=O)[C@H](CCN)NC(=O)[C@@H](N)[C@@H](C)O,polypeptide
493,Polymyxin B3,CCCCCCCC(=O)N[C@@H](CCN)C(=O)N[C@@H]([C@@H](C)O)C(=O)N[C@@H](CCN)C(=O)N[C@H]1CCNC(=O)[C@H](NC(=O)[C@H](CCN)NC(=O)[C@H](CCN)NC(=O)[C@H](CC(C)C)NC(=O)[C@@H](Cc2ccccc2)NC(=O)[C@H](CCN)NC1=O)[C@@H](C)O,polymyxin
494,Polymyxin B4,CCCCCCC(=O)N[C@@H](CCN)C(=O)N[C@@H]([C@@H](C)O)C(=O)N[C@@H](CCN)C(=O)N[C@H]1CCNC(=O)[C@@H](NC(=O)[C@H](CCN)NC(=O)[C@H](CCN)NC(=O)[C@H](CC(C)C)NC(=O)[C@@H](Cc2ccccc2)NC(=O)[C@H](CCN)NC1=O)[C@@H](C)O,polymyxin
495,Polymyxin B5,CCCCCCCCC(=O)N[C@@H](CCN)C(=O)N[C@@H]([C@@H](C)O)C(=O)N[C@@H](CCN)C(=O)N[C@H]1CCNC(=O)[C@@H](NC(=O)[C@H](CCN)NC(=O)[C@H](CCN)NC(=O)[C@H](CC(C)C)NC(=O)[C@@H](Cc2ccccc2)NC(=O)[C@H](CCN)NC1=O)[C@@H](C)O,polymyxin
496,Polymyxin B6,CCC(C)CCC(O)CC(=O)N[C@@H](CCN)C(=O)N[C@@H]([C@@H](C)O)C(=O)N[C@@H](CCN)C(=O)N[C@H]1CCNC(=O)[C@@H](NC(=O)[C@H](CCN)NC(=O)[C@H](CCN)NC(=O)[C@H](CC(C)C)NC(=O)[C@@H](Cc2ccccc2)NC(=O)[C@H](CCN)NC1=O)[C@@H](C)O,polymyxin
497,Polymyxin E,CCC(C)CCCCC(=O)N(C)[C@@H](CCN)C(=O)N[C@@H](CN[C@@H](CCN)C(=O)N[C@H]1CCNC(=O)[C@@H](NC(=O)[C@H](CCN)NC(=O)[C@H](CCN)NC(=O)[C@H](CC(C)C)NC(=O)[C@@H](CC(C)C)NC(=O)[C@H](CCN)NC1=O)[C@@H](C)O)[C@@H](C)O,polymyxin
498,Polymyxin M/A,CCC(C)CCCCC(=O)N[C@@H](CCN)C(=O)N[C@@H]([C@@H](C)O)C(=O)N[C@@H](CCN)C(=O)N[C@H]1CCNC(=O)[C@@H](NC(=O)[C@H](CCN)NC(=O)[C@H](CCN)NC(=O)[C@H](CC(C)O)NC(=O)[C@@H](Cc2ccccc2)NC(=O)[C@H](CCN)NC1=O)[C@@H](C)O,polymyxin
499,Polymyxin_b,CC[C@H](C)CCCCC(=O)N[C@@H](CCN)C(=O)N[C@@H]([C@@H](C)O)C(=O)N[C@@H](CCN)C(=O)N[C@H]1CCNC(=O)[C@@H](NC(=O)[C@H](CCN)NC(=O)[C@H](CCN)NC(=O)[C@H](CC(C)C)NC(=O)[C@@H](Cc2ccccc2)NC(=O)[C@@H](CCN)NC1=O)[C@@H](C)O,Polymyxin
500,Porfiromycin,CO[C@@]12[C@H](COC(=O)N)C3=C(N1C[C@H]4[C@@H]2N4C)C(=O)C(=C(N)C3=O)C,nucleoside
501,Posizolid,OC[C@H](O)C(=O)N1CCC(=CC1)c2c(F)cc(cc2F)N3C[C@H](COc4ccon4)OC3=O,oxazolidinone
502,Povidone,C=CN1CCCC1=O,povidone-iodine
503,Primycin,CCCCC1C(O)C(C)CCC(O)CCCC(O)CCCC(O)\C(=C\C(O[C@H]2O[C@H](CO)[C@@H](O)[C@@H]2O)C(O)CC(O)CC(O)CC(O)CC(O)CCCC\C(=C\C(C)C(OC1=O)C(C)C(O)CCCNC(=N)N)\C)\C,marginolactone
504,Proflavine,Nc1ccc2cc3ccc(N)cc3nc2c1,Acridine derivative
505,Propenidazole,CCOC(=O)\C(=C\c1ncc([N+](=O)[O-])n1C)\C(=O)C,nitroimidazole
506,Propicillin,CCC(Oc1ccccc1)C(=O)N[C@H]2[C@H]3SC(C)(C)[C@@H](N3C2=O)C(=O)O,Beta-lactam
507,Propikacin,NC[C@H]1O[C@H](O[C@@H]2[C@@H](N)C[C@@H](NC(CO)CO)[C@H](O[C@H]3O[C@H](CO)[C@@H](O)[C@H](N)[C@H]3O)[C@H]2O)[C@H](N)[C@@H](O)[C@@H]1O,Aminoglycoside
508,Prulifloxacin,CC1SC2=C(C(=O)O)C(=O)c3cc(F)c(cc3N12)N4CCN(CC5=C(C)OC(=O)O5)CC4,Fluoroquinolone
509,Puromycin,COc1ccc(C[C@H](N)C(=O)N[C@@H]2[C@@H](CO)O[C@H]([C@@H]2O)n3cnc4c(ncnc34)N(C)C)cc1,nucleoside
510,Pyrazinamide,NC(=O)c1cnccn1,Pyrazinamide
511,Pyrithione_zinc,S=C1CC=CC=[N]1O[Zn]ON2C=CC=CC2=S,Zincpyrithione complex
512,Pyrrolnitrin,[O-][N+](=O)c1c(Cl)cccc1c2c[nH]cc2Cl,phenylpyrrole
513,Quindoxin,[O-][n+]1cc[n+]([O-])c2ccccc12,quinoxaline
514,Quinupristin,CC[C@H]1NC(=O)[C@@H](NC(=O)c2ncccc2O)[C@@H](C)OC(=O)[C@@H](NC(=O)[C@@H]3CC(=O)[C@H](CS[C@@H]4CN5CCC4CC5)CN3C(=O)[C@H](Cc6ccc(cc6)N(C)C)N(C)C(=O)[C@@H]7CCCN7C1=O)c8ccccc8,polypeptide
515,Radezolid,CC(=O)NC[C@H]1CN(C(=O)O1)c2ccc(c(F)c2)c3ccc(CNCc4cnn[nH]4)cc3,oxazolidinone
516,Rancinamycin  IIA,CCCCC(=O)OC1C(O)C(O)C(O)C=C1C=O,Lincosamide
517,Razupenem,C[C@@H](O)[C@@H]1[C@H]2[C@@H](C)C(=C(N2C1=O)C(=O)O)Sc3nc(cs3)C4=C[C@H](C)NC4,Beta-lactam
518,Relebactam,OS(=O)(=O)ON1[C@@H]2CC[C@H](N(C2)C1=O)C(=O)NC3CCNCC3,Diazabicyclooctane
519,Repromicin,CC[C@H]1OC(=O)C[C@@H](O)[C@H](C)[C@@H](O[C@@H]2O[C@H](C)C[C@@H]([C@H]2O)N(C)C)[C@@H](CC=O)C[C@@H](C)C(=O)\C=C\C(=C\[C@@H]1C)\C,macrolide
520,Resistomycin,Cc1cc(O)c2C(=O)c3c(O)cc(O)c4C(=O)C(C)(C)c5cc(O)c1c2c5c34,polyketide
521,Retapamulin,C[C@@H]1CC[C@@]23CCC(=O)[C@@H]2[C@]1(C)[C@@H](C[C@@](C)(C=C)[C@@H](O)[C@@H]3C)OC(=O)CSC4CC5CCC(C4)N5C,pleuromutilin 
522,Retaspimycin,CO[C@H]1C[C@H](C)Cc2c(O)c(NC(=O)\C(=C\C=C/[C@H](OC)[C@@H](OC(=O)N)\C(=C\[C@H](C)[C@H]1O)\C)\C)cc(O)c2NCC=C,rifamycin
523,Ribostamycin,NC[C@H]1O[C@H](O[C@@H]2[C@@H](N)C[C@@H](N)[C@H](O)[C@H]2O[C@@H]3O[C@H](CO)[C@@H](O)[C@H]3O)[C@H](N)[C@@H](O)[C@@H]1O,Aminoglycoside
524,Rifabutin,CO[C@H]1\C=C\O[C@@]2(C)Oc3c(C)c(O)c4C(=O)C(=C5NC6(CCN(CC(C)C)CC6)N=C5c4c3C2=O)NC(=O)\C(=C/C=C/[C@H](C)[C@H](O)[C@@H](C)[C@@H](O)[C@@H](C)[C@H](OC(=O)C)[C@@H]1C)\C,rifamycin
525,Rifalazil,CO[C@H]1\C=C\O[C@@]2(C)Oc3c(C)c(O)c4C(=O)C(=C5Oc6cc(cc(O)c6N=C5c4c3C2=O)N7CCN(CC(C)C)CC7)NC(=O)\C(=C/C=C/[C@H](C)[C@H](O)[C@@H](C)[C@@H](O)[C@@H](C)[C@H](OC(=O)C)[C@@H]1C)\C,rifamycin
526,Rifametane,CCN(CC)\C(=N\N=C\c1c(O)c2c3C(=O)[C@@]4(C)O\C=C\[C@H](OC)[C@@H](C)[C@@H](OC(=O)C)[C@H](C)[C@H](O)[C@H](C)[C@@H](O)[C@@H](C)\C=C\C=C(\C)/C(=O)Nc1c(O)c2c(O)c(C)c3O4)\C,rifamycin
527,Rifamexil,CCN(CC)c1nc2c(s1)c3NC(=O)\C(=C/C=C/[C@H](C)[C@H](O)[C@@H](C)[C@@H](O)[C@@H](C)[C@H](OC(=O)C)[C@H](C)[C@@H](OC)\C=C\O[C@@]4(C)Oc5c(C)c(O)c(c3O)c2c5C4=O)\C,rifamycin
528,Rifamide,CCN(CC)C(=O)COc1cc2NC(=O)\C(=C/C=C/[C@H](C)[C@H](O)[C@@H](C)[C@@H](O)[C@@H](C)[C@H](OC(=O)C)[C@H](C)[C@@H](OC)\C=C\O[C@@]3(C)Oc4c(C)c(O)c(c2O)c1c4C3=O)\C,rifamycin
529,Rifampicin,CO[C@H]1\C=C\O[C@@]2(C)Oc3c(C)c(O)c4c(O)c(NC(=O)\C(=C/C=C/[C@H](C)[C@H](O)[C@@H](C)[C@@H](O)[C@@H](C)[C@H](OC(=O)C)[C@@H]1C)\C)c(\C=N\N5CCN(C)CC5)c(O)c4c3C2=O,rifamycin
530,Rifamycin,CO[C@H]1C=CO[C@@]2(C)Oc3c(C)c(O)c4c(O)c(NC(=O)C(=CC=C[C@H](C)[C@H](O)[C@@H](C)[C@@H](O)[C@@H](C)[C@H](OC(=O)C)[C@@H]1C)C)cc(O)c4c3C2=O,Ansamycin
531,Rifamycin S,CO[C@H]1\C=C\O[C@@]2(C)Oc3c(C)c(O)c4C(=O)C(=CC(=O)c4c3C2=O)NC(=O)\C(=C/C=C/[C@H](C)[C@H](O)[C@@H](C)[C@@H](O)[C@@H](C)[C@H](OC(=O)C)[C@@H]1C)\C,Ansamycin
532,Rifapentine,CO[C@H]1\C=C\O[C@@]2(C)Oc3c(C)c(O)c4c(O)c(NC(=O)\C(=C/C=C/[C@H](C)[C@H](O)[C@@H](C)[C@@H](O)[C@@H](C)[C@H](OC(=O)C)[C@@H]1C)\C)c(\C=N\N5CCN(CC5)C6CCCC6)c(O)c4c3C2=O,rifamycin
533,Rifaximin,CO[C@H]1C=CO[C@@]2(C)Oc3c(C)c(O)c4c(O)c(NC(=O)C(=CC=C[C@H](C)[C@H](O)[C@@H](C)[C@@H](O)[C@@H](C)[C@H](OC(=O)C)[C@@H]1C)C)c5c(nc6cc(C)ccn56)c4c3C2=O,Ansamycin
534,Ritipenem,C[C@@H](O)[C@@H]1[C@H]2SC(=C(N2C1=O)C(=O)O)COC(=O)N,Beta-lactam
535,Rokitamycin,CCCC(=O)O[C@H]1[C@H](C)O[C@H](C[C@@]1(C)OC(=O)CC)O[C@@H]2[C@@H](C)O[C@@H](O[C@H]3[C@@H](CC=O)C[C@@H](C)[C@@H](O)C=CC=CC[C@@H](C)OC(=O)C[C@@H](O)[C@@H]3OC)[C@H](O)[C@H]2N(C)C,macrolide
536,Rolitetracycline,CN(C)[C@H]1[C@@H]2C[C@H]3C(=C(O)[C@]2(O)C(=O)C(=C1O)C(=O)NCN4CCCC4)C(=O)c5c(O)cccc5[C@@]3(C)O,Tetracycline
537,Rosaramicin,CC[C@H]1OC(=O)C[C@@H](O)[C@H](C)[C@@H](O[C@@H]2O[C@H](C)C[C@@H]([C@H]2O)N(C)C)[C@@H](CC=O)C[C@@H](C)C(=O)\C=C\[C@]3(C)O[C@H]3[C@@H]1C,macrolide
538,Rosaramicin Butyrate,CCCC(=O)O[C@H]1[C@H](O[C@H]2[C@@H](C)[C@H](O)CC(=O)O[C@H](CC)[C@@H](C)[C@@H]3O[C@@]3(C)\C=C\C(=O)[C@H](C)C[C@@H]2CC=O)O[C@H](C)C[C@@H]1N(C)C,macrolide
539,Rosaramicin Propionate,CC[C@H]1OC(=O)C[C@@H](O)[C@H](C)[C@@H](O[C@@H]2O[C@H](C)C[C@@H]([C@H]2OC(=O)CC)N(C)C)[C@@H](CC=O)C[C@@H](C)C(=O)\C=C\[C@]3(C)O[C@H]3[C@@H]1C,macrolide
540,Rosoxacin,CCN1C=C(C(=O)O)C(=O)c2ccc(cc12)c3ccncc3,Fluoroquinolone
541,Roxithromycin,CC[C@H]1OC(=O)[C@H](C)[C@@H](O[C@H]2C[C@@](C)(OC)[C@@H](O)[C@H](C)O2)[C@H](C)[C@@H](O[C@@H]3O[C@H](C)C[C@@H]([C@H]3O)N(C)C)[C@](C)(O)C[C@@H](C)C(=NOCOCCOC)[C@H](C)[C@@H](O)[C@]1(C)O,Macrolide
542,RQX lactam,CO\N=C(/C(=O)N[C@H]1[C@H]2SCC(=C(N2C1=O)C(=O)O)C[n+]3ccccc3)\c4nc(NC(=O)CCN)sc4Cl,Bata-lactam
543,Rufloxacin,CN1CCN(CC1)c2c(F)cc3C(=O)C(=CN4CCSc2c34)C(=O)O,quinolone
544,Salinomycin,CC[C@H]([C@H]1CC[C@H](C)[C@@H](O1)[C@@H](C)[C@H](O)[C@H](C)C(=O)[C@H](CC)[C@H]2O[C@@]3(O[C@@]4(CC[C@](C)(O4)[C@H]5CC[C@](O)(CC)[C@H](C)O5)[C@H](O)C=C3)[C@H](C)C[C@@H]2C)C(=O)O,polyether
545,Sancycline,CN(C)[C@H]1[C@@H]2C[C@@H]3Cc4cccc(O)c4C(=O)C3=C(O)[C@]2(O)C(=O)C(=C1O)C(=O)N,Tetracycline
546,Sarecycline,CON(C)Cc1ccc(O)c2C(=O)C3=C(O)[C@@]4(O)[C@@H](C[C@@H]3Cc12)[C@H](N(C)C)C(=C(C(=O)N)C4=O)O,Tetracycline
547,Secnidazole,CC(O)Cn1c(C)ncc1[N](=O)O,Nitroimidazole
548,Sedecamycin,C[C@@H]1[C@H]2C[C@H](OC(=O)C)\C=C\C(=C\C[C@H](O)\C=C\C(=C\[C@@H](NC(=O)C(=O)C)[C@](C)(C(=O)O2)C1=O)\C)\C,macrolide
549,Semduramicin,CO[C@H]1CC[C@H](O[C@H]2C[C@@H](O[C@H]2[C@]3(C)CC[C@@H](O3)[C@]4(C)CC[C@]5(C[C@H](O)[C@@H](C)[C@H](O5)[C@@H](C)[C@@H]6O[C@](O)(CC(=O)O)[C@@H](C)[C@H](O)[C@H]6OC)O4)[C@H]7O[C@](C)(O)[C@H](C)C[C@@H]7C)O[C@@H]1C,polyether
550,Sinefungin,N[C@@H](CC[C@H](N)C(=O)O)C[C@H]1O[C@H]([C@H](O)[C@@H]1O)n2cnc3c(N)ncnc23,nucleoside
551,Sitafloxacin,N[C@@H]1CN(CC12CC2)c3c(F)cc4C(=O)C(=CN([C@@H]5C[C@@H]5F)c4c3Cl)C(=O)O,Fluoroquinolone
552,Solithromycin,CC[C@H]1OC(=O)[C@@](C)(F)C(=O)[C@H](C)[C@@H](O[C@@H]2O[C@H](C)C[C@@H]([C@H]2O)N(C)C)[C@@](C)(C[C@@H](C)C(=O)[C@H](C)[C@H]3N(CCCCn4cc(nn4)c5cccc(N)c5)C(=O)O[C@]13C)OC,macrolide
553,Sparfloxacin,C[C@@H]1CN(C[C@H](C)N1)c2c(F)c(N)c3C(=O)C(=CN(C4CC4)c3c2F)C(=O)O,Fluoroquinolone
554,Spiramycin,CO[C@H]1[C@H](O)CC(=O)O[C@H](C)CC=CC=C[C@H](O[C@H]2CC[C@@H]([C@H](C)O2)N(C)C)[C@H](C)C[C@H](CC=O)[C@@H]1O[C@@H]3O[C@H](C)[C@@H](O[C@H]4C[C@@](C)(O)[C@@H](O)[C@H](C)O4)[C@@H]([C@H]3O)N(C)C,macrolide
555,Spiramycin I,CO[C@H]1[C@H](O)CC(=O)O[C@H](C)C\C=C\C=C\[C@H](O[C@H]2CC[C@@H]([C@@H](C)O2)N(C)C)[C@H](C)C[C@H](CC=O)[C@@H]1O[C@@H]3O[C@H](C)[C@@H](O[C@H]4C[C@@](C)(O)[C@@H](O)[C@H](C)O4)[C@@H]([C@H]3O)N(C)C,macrolide
556,Streptomycin,CN[C@H]1[C@H](O)[C@@H](O)[C@H](CO)O[C@H]1O[C@H]2[C@H](O[C@H]3[C@H](O)[C@@H](O)[C@H](N=C(N)N)[C@@H](O)[C@@H]3N=C(N)N)O[C@@H](C)[C@]2(O)C=O,Aminoglycoside
557,Streptothricin F,NCCC[C@H](N)CC(=O)N[C@@H]1[C@H](O)[C@@H](OC(=O)N)[C@@H](CO)O[C@H]1\N=C\2/N[C@@H]3[C@H](O)CNC(=O)[C@H]3N2,Streptothricin
558,Sulbactam,CC1(C)C(N2[C@@H](CC2=O)S1(=O)=O)C(=O)O,Beta-lactam
559,Sulbactam_pivoxil,CC(C)(C)C(=O)OCOC(=O)[C@@H]1N2[C@@H](CC2=O)S(=O)(=O)C1(C)C,Beta-lactam
560,Sulbenicillin,CC1(C)S[C@@H]2[C@H](NC(=O)[C@@H](c3ccccc3)S(=O)(=O)O)C(=O)N2[C@H]1C(=O)O,Beta-lactam
561,Sulfabenzamide,Nc1ccc(cc1)S(=O)(=O)NC(=O)c2ccccc2,Sulfonamide
562,Sulfacetamide,CC(=O)NS(=O)(=O)c1ccc(N)cc1,Sulfonamide
563,Sulfachlorpyridazine,Nc1ccc(cc1)S(=O)(=O)Nc2ccc(Cl)nn2,Sulfonamide
564,Sulfadiazine,Nc1ccc(cc1)S(=O)(=O)Nc2ncccn2,Sulfonamide
565,Sulfadimethoxine,COc1cc(NS(=O)(=O)c2ccc(N)cc2)nc(OC)n1,Sulfonamide
566,Sulfadoxine,COc1ncnc(NS(=O)(=O)c2ccc(N)cc2)c1OC,Sulfonamide
567,Sulfaguanidine,NC(=NS(=O)(=O)c1ccc(N)cc1)N,Sulfonamide
568,Sulfalene,COc1nccnc1NS(=O)(=O)c2ccc(N)cc2,Sulfonamide
569,Sulfamazone,COc1ccc(NS(=O)(=O)c2ccc(NC(C3=C(C)N(C)N(C3=O)c4ccccc4)S(=O)(=O)O)cc2)nn1,Sulfonamide
570,Sulfamerazine,Cc1ccnc(NS(=O)(=O)c2ccc(N)cc2)n1,Sulfonamide
571,Sulfameter,COc1cnc(NS(=O)(=O)c2ccc(N)cc2)nc1,Sulfonamide
572,Sulfamethazine,Cc1cc(C)nc(NS(=O)(=O)c2ccc(N)cc2)n1,Sulfonamide
573,Sulfamethizole,Cc1nnc(NS(=O)(=O)c2ccc(N)cc2)s1,Sulfonamide
574,Sulfamethoxazole,Cc1onc(NS(=O)(=O)c2ccc(N)cc2)c1,Sulfonamide
575,Sulfamethoxypyridazine,COc1ccc(NS(=O)(=O)c2ccc(N)cc2)nn1,Sulfonamide
576,Sulfametomidine,COc1cc(NS(=O)(=O)c2ccc(N)cc2)nc(C)n1,Sulfonamide
577,Sulfametrole,COc1nsnc1NS(=O)(=O)c2ccc(N)cc2,Sulfonamide
578,Sulfamonomethoxine,COc1cc(NS(=O)(=O)c2ccc(N)cc2)ncn1,Sulfonamide
579,Sulfamoxole,Cc1oc(NS(=O)(=O)c2ccc(N)cc2)nc1C,Sulfonamide
580,Sulfanilamide,Nc1ccc(cc1)S(=O)(=O)N,Sulfonamide
581,Sulfanitran,CC(=O)Nc1ccc(cc1)S(=O)(=O)Nc2ccc(cc2)[N+](=O)[O-],Sulfonamide
582,Sulfaperin,Cc1cnc(NS(=O)(=O)c2ccc(N)cc2)nc1,Sulfonamide
583,Sulfaphenazole,Nc1ccc(cc1)S(=O)(=O)Nc2ccnn2c3ccccc3,Sulfonamide
584,Sulfapyridine,Nc1ccc(cc1)S(=O)(=O)Nc2ccccn2,Sulfonamide
585,Sulfaquinoxaline,Nc1ccc(cc1)S(=O)(=O)Nc2cnc3ccccc3n2,Sulfonamide
586,Sulfathiazole,Nc1ccc(cc1)S(=O)(=O)Nc2nccs2,Sulfonamide
587,Sulfathiourea,NC(=S)NS(=O)(=O)c1ccc(N)cc1,Sulfonamide
588,Sulfisoxazole,CC(=O)Nc1ccc(cc1)S(=O)(=O)Nc2onc(C)c2C,Sulfonamide
589,Sulopenem,C[C@@H](O)[C@@H]1[C@H]2SC(=C(N2C1=O)C(=O)O)S[C@H]3CC[S@@+]([O-])C3,Beta-lactam
590,Sultamicillin,CC1(C)S[C@@H]2[C@H](NC(=O)[C@H](N)c3ccccc3)C(=O)N2[C@H]1C(=O)OCOC(=O)[C@@H]4N5[C@@H](CC5=O)S(=O)(=O)C4(C)C,Beta-lactam
591,Sutezolid,CC(=O)NC[C@H]1CN(C(=O)O1)c2ccc(N3CCSCC3)c(F)c2,oxazolidinone
592,T-91825,CCO\N=C(/C(=O)N[C@H]1[C@H]2SCC(=C(N2C1=O)C(=O)[O-])Sc3nc(cs3)c4cc[n+](C)cc4)\c5nsc(N)n5,Beta-lactam
593,Tacapenem,C[C@@H](O)[C@@H]1[C@H]2[C@@H](C)C(=C(N2C1=O)C(=O)O)S[C@H]3CNC(=O)C3,Beta-lactam
594,Talampicillin,CC1(C)S[C@@H]2[C@H](NC(=O)[C@H](N)c3ccccc3)C(=O)N2[C@H]1C(=O)OC4OC(=O)c5ccccc45,Beta-lactam
595,Tazobactam,C[C@]1(Cn2ccnn2)[C@@H](N3[C@@H](CC3=O)S1(=O)=O)C(=O)O,Beta-lactam
596,Tco(Pna.O-1-(2-Nitroimidazole)),C\C(=N/[O-])\C(C)(C)[N-]CCC[N-]C(C)(C)\C(=N\[O-])\Cn1ccnc1[N+](=O)[O-],nitroimidazole
597,Tebipenem,C[C@@H](O)[C@@H]1[C@H]2[C@@H](C)C(=C(N2C1=O)C(=O)O)SC3CN(C3)C4=NCCS4,Beta-lactam
598,Tebipenem Pivoxil,C[C@@H](O)[C@@H]1[C@H]2[C@@H](C)C(=C(N2C1=O)C(=O)OCOC(=O)C(C)(C)C)SC3CN(C3)C4=NCCS4,Beta-lactam
599,Tedizolid,Cn1nnc(n1)c2ccc(cn2)c3ccc(cc3F)N4C[C@H](CO)OC4=O,Oxazolidinone
600,Tedizolid phosphate,Cn1nnc(n1)c2ccc(cn2)c3ccc(cc3F)N4C[C@H](COP(=O)(O)O)OC4=O,Oxazolidinone
601,Teicoplanin,CC(=O)NC1C(O)C(O)C(CO)OC1O[C@H]2[C@@H]3NC(=O)[C@H](NC(=O)[C@@H]4NC(=O)[C@H]5NC(=O)[C@@H](Cc6ccc(Oc7cc4cc(Oc8ccc2cc8Cl)c7OC9OC(CO)C(O)C(O)C9NC(=O)C)c(Cl)c6)NC(=O)[C@H](N)c%10ccc(O)c(Oc%11cc(O)cc5c%11)c%10)c%12ccc(O)c(c%12)c%13c(OC%14OC(CO)C(O)C(O)C%14O)cc(O)cc%13[C@@H](NC3=O)C(=O)O,Glycopeptide
602,Telavancin,CCCCCCCCCCNCCN[C@@]1(C)C[C@H](O[C@@H]2[C@@H](O)[C@H](O)[C@@H](CO)O[C@H]2Oc3c4Oc5ccc(cc5Cl)[C@@H](O)[C@@H](NC(=O)[C@@H](CC(C)C)NC)C(=O)N[C@@H](CC(=O)N)C(=O)N[C@H]6C(=O)N[C@H]7C(=O)N[C@@H]([C@H](O)c8ccc(Oc3cc6c4)c(Cl)c8)C(=O)N[C@H](C(=O)O)c9cc(O)c(CNCP(=O)(O)O)c(O)c9c%10cc7ccc%10O)O[C@@H](C)[C@H]1O,Lipoglycopeptide
603,Telithromycin,CC[C@H]1OC(=O)[C@H](C)C(=O)[C@H](C)[C@@H](O[C@@H]2O[C@H](C)C[C@@H]([C@H]2O)N(C)C)[C@@](C)(C[C@@H](C)C(=O)[C@H](C)[C@H]3N(CCCCn4cnc(c4)c5cccnc5)C(=O)O[C@]13C)OC,Macrolide
604,Temafloxacin,CC1CN(CCN1)c2cc3N(C=C(C(=O)O)C(=O)c3cc2F)c4ccc(F)cc4F,Fluoroquinolone
605,Temocillin,CO[C@]1(NC(=O)C(C(=O)O)c2ccsc2)[C@H]3SC(C)(C)[C@@H](N3C1=O)C(=O)O,Beta-lactam
606,Tetracycline,CN(C)[C@H]1[C@@H]2C[C@H]3C(=C(O)[C@]2(O)C(=O)C(=C1O)C(=O)N)C(=O)c4c(O)cccc4[C@@]3(C)O,Tetracycline
607,Tetroxoprim,COCCOc1c(OC)cc(Cc2cnc(N)nc2N)cc1OC,Trimethoprim
608,Thiamphenicol,CS(=O)(=O)c1ccc(cc1)[C@@H](O)[C@@H](CO)NC(=O)C(Cl)Cl,Chloramphenicol 
609,Tibezonium,CC[N](C)(CC)CCSC1=Nc2ccccc2N=C(C1)c3ccc(Sc4ccccc4)cc3,Quaternary ammonium
610,Ticarcillin,CC1(C)S[C@@H]2[C@H](NC(=O)[C@H](C(=O)O)c3ccsc3)C(=O)N2[C@H]1C(=O)O,Beta-lactam
611,Tigecycline,CN(C)[C@H]1[C@@H]2C[C@@H]3Cc4c(cc(NC(=O)CNC(C)(C)C)c(O)c4C(=O)C3=C(O)C2C(=O)C(=C1O)C(=O)N)N(C)C,Tetracycline
612,Tinidazole,CCS(=O)(=O)CCn1c(C)ncc1[N+](=O)[O-],nitroimidazole
613,TMP-SXT (trimethoprim; sulfamethoxazole),COc1cc(Cc2cnc(N)nc2N)cc(OC)c1OC.Cc3onc(NS(=O)(=O)c4ccc(N)cc4)c3,Sulfonamide + diaminopyrimidine
614,Tobramycin,NC[C@H]1O[C@H](O[C@@H]2[C@@H](N)C[C@@H](N)[C@H](O[C@H]3O[C@H](CO)[C@@H](O)[C@H](N)[C@H]3O)[C@H]2O)[C@H](N)C[C@@H]1O,Aminoglycoside
615,Tomopenem,C[C@@H](O)[C@@H]1[C@H]2[C@@H](C)C(=C(N2C1=O)C(=O)O)S[C@H]3C[C@H](N(C)C3)C(=O)N4CC[C@@H](C4)NC(=O)CNC(=N)N,Beta-lactam
616,Tosufloxacin,NC1CCN(C1)c2nc3N(C=C(C(=O)O)C(=O)c3cc2F)c4ccc(F)cc4F,Fluoroquinolone
617,Triclocarban,Clc1ccc(NC(=O)Nc2ccc(Cl)c(Cl)c2)cc1,Urea
618,Triclosan,Oc1cc(Cl)ccc1Oc2ccc(Cl)cc2Cl,Chlorinated diphenyl ether
619,Trimethoprim,COc1cc(Cc2cnc(N)nc2N)cc(OC)c1OC,Trimethoprim
620,Trimethyltetradecylammonium,CCCCCCCCCCCCCC[N+](C)(C)C,Quaternary ammonium
621,Troleandomycin,CO[C@H]1C[C@H](O[C@H]2[C@H](C)[C@@H](O[C@@H]3O[C@H](C)C[C@@H]([C@H]3OC(=O)C)N(C)C)[C@@H](C)C[C@@]4(CO4)C(=O)[C@H](C)[C@@H](OC(=O)C)[C@@H](C)[C@@H](C)OC(=O)[C@@H]2C)O[C@@H](C)[C@@H]1OC(=O)C,macrolide
622,Trospectomycin,CCCC[C@@H]1CC(=O)[C@]2(O)O[C@@H]3[C@@H](NC)[C@@H](O)[C@@H](NC)[C@H](O)[C@H]3O[C@@H]2O1,Aminocyclitol
623,Trovafloxacin,N[C@@H]1[C@H]2CN(C[C@@H]12)c3nc4N(C=C(C(=O)O)C(=O)c4cc3F)c5ccc(F)cc5F,Fluoroquinolone
624,Tylosin D,CC[C@H]1OC(=O)C[C@@H](O)[C@H](C)[C@@H](O[C@@H]2O[C@H](C)[C@@H](O[C@H]3C[C@@](C)(O)[C@@H](O)[C@H](C)O3)[C@@H]([C@H]2O)N(C)C)[C@@H](CCO)C[C@@H](C)C(=O)\C=C\C(=C\[C@@H]1CO[C@@H]4O[C@H](C)[C@@H](O)[C@@H](OC)[C@H]4OC)\C,macrolide
625,Tyrothricin,CC(C)CC1NC(=O)C(CCCN)NC(=O)C(NC(=O)C(Cc2ccc(O)cc2)NC(=O)C(CCC(=O)O)NC(=O)C(CC(=O)O)NC(=O)C(Cc3ccccc3)NC(=O)C(Cc4ccccc4)NC(=O)C5CCCN5C(=O)C(Cc6ccccc6)NC1=O)C(C)C,polypeptide
626,Ubiquinone-10,CC(CCC(O)CC(=O)c1ccc(N)cc1)C2OC(=O)CC(=O)CC(O)CC(O)CCCC(O)CC(O)CC3(O)CC(O)C(C(CC(OC4OC(C)C(O)C(N)C4O)C=CC=CC=CC=CC=CC=CC=CC2C)O3)C(=O)O,CoenzymeQ
627,Ulifloxacin,CC1SC2=C(C(=O)O)C(=O)c3cc(F)c(cc3N12)N4CCNCC4,Fluoroquinolone
628,unknown lactam,CC(=O)OCC1=C(N2[C@H](SC1)[C@H](NC(=O)Cc3ccccc3)C2=O)C(=O)O,Beta-lactam
629,Vaborbactam,OB1O[C@H](CC(=O)O)CC[C@@H]1NC(=O)Cc2cccs2,Cyclic boronic acid
630,Vancomycin,CN[C@H](CC(C)C)C(=O)N[C@@H]1[C@H](O)c2ccc(Oc3cc4cc(Oc5ccc(cc5Cl)[C@@H](O)[C@@H]6NC(=O)[C@H](NC(=O)[C@@H]4NC(=O)[C@H](CC(=O)N)NC1=O)c7ccc(O)c(c7)c8c(O)cc(O)cc8[C@H](NC6=O)C(=O)O)c3O[C@@H]9O[C@H](CO)[C@@H](O)[C@H](O)[C@H]9O[C@H]%10C[C@](C)(N)[C@H](O)[C@H](C)O%10)c(Cl)c2,Glycopeptide
631,Virginiamycin,CC[C@H]1NC(=O)[C@@H](NC(=O)c2ncccc2O)[C@@H](C)OC(=O)[C@@H](NC(=O)[C@@H]3CC(=O)CCN3C(=O)[C@H](Cc4ccccc4)N(C)C(=O)[C@@H]5CCCN5C1=O)c6ccccc6,streptogramin
632,Virginiamycin Factor M1,CC(C)[C@H]1OC(=O)C2=CCCN2C(=O)c3coc(CC(=O)C[C@H](O)\C=C(/C)\C=C\CNC(=O)\C=C\[C@H]1C)n3,streptogramin
633,Zoliflodacin,C[C@@H]1CN2[C@H]([C@H](C)O1)C3(Cc4cc5c(noc5c(F)c24)N6[C@@H](C)COC6=O)C(=O)NC(=O)NC3=O,spiropyrimidinetriones
634,Carumonam,NC(=O)OC[C@@H]1[C@H](NC(=O)C(=NOCC(=O)O)c2csc(N)n2)C(=O)N1S(=O)(=O)O,Beta-lactam
635,Dihydrostreptomycin,CN[C@H]1[C@H](O)[C@@H](O)[C@H](CO)O[C@H]1O[C@H]2[C@H](O[C@H]3[C@H](O)[C@@H](O)[C@H](NC(=N)N)[C@@H](O)[C@@H]3NC(=N)N)O[C@@H](C)[C@]2(O)CO,Aminoglycoside
636,Kanamycin,NC[C@H]1O[C@H](O[C@@H]2[C@@H](N)C[C@@H](N)[C@H](O[C@H]3O[C@H](CO)[C@@H](O)[C@H](N)[C@H]3O)[C@H]2O)[C@H](O)[C@@H](O)[C@@H]1O,Aminoglycoside
637,Sisomicin,CN[C@@H]1[C@@H](O)[C@@H](O[C@H]2[C@H](N)C[C@H](N)[C@@H](O[C@H]3OC(=CC[C@H]3N)CN)[C@@H]2O)OC[C@]1(C)O,Aminoglycoside
638,Spectinomycin,CN[C@@H]1[C@H](O)[C@H](NC)[C@H]2O[C@]3(O)[C@@H](O[C@H](C)CC3=O)O[C@@H]2[C@H]1O,Aminocyclitol
