smiles,inchikey
Cc1ncc([N+](=O)[O-])n1CC(=O)O,RVEGZXNRNWUYKI-UHFFFAOYSA-N
O=c1ccn(F)c2ccccc12,OPOFPVOALIOZBR-UHFFFAOYSA-N
O=[N+]([O-])c1ccc(O)c([N+](=O)[O-])c1,UFBJCMHMOXMLKC-UHFFFAOYSA-N
Oc1ccc2ccccc2c1,JWAZRIHNYRIHIV-UHFFFAOYSA-N
CC[C@H]1OC(=O)[C@H](C)[C@@H](O[C@H]2C[C@@](C)(OC)[C@@H](O)[C@H](C)O2)[C@H](C)[C@@H](O[C@@H]2O[C@H](C)C[C@H](N(C)C)[C@H]2OC(C)=O)[C@](C)(O)C[C@@H](C)C(=O)[C@H](C)[C@@H](O)[C@]1(C)O,CVBHEIRZLPKMSH-SNWVVRALSA-N
C[n+]1c2cc(N)ccc2cc2ccc(N)cc21,XSIOKTWDEOJMGG-UHFFFAOYSA-O
CC(C)CCCCC(=O)N[C@@H](CCN)C(=O)N[C@H](C(=O)N[C@@H](CCN)C(=O)N[C@H]1CCNC(=O)[C@H]([C@@H](C)O)NC(=O)[C@H](CCN)NC(=O)[C@H](CCN)NC(=O)[C@H](CC(C)C)NC(=O)[C@@H](Cc2ccccc2)NC(=O)[C@H](CCN)NC1=O)[C@@H](C)O,SGPYLFWAQBAXCZ-RUDZPDEXSA-N
O=[N+]([O-])c1cnc(CO)n1CCO,AEHPOYAOLCAMIU-UHFFFAOYSA-N
Cc1cc(O)ccc1Cl,CFKMVGJGLGKFKI-UHFFFAOYSA-N
CC[C@@H]1CCN(c2c(F)cc3c(=O)c(C(=O)O)cn(C4CC4)c3c2OC)C1,FGBGEKHVEJJJLT-LLVKDONJSA-N
Nc1c2ccccc2nc2ccccc12,XJGFWWJLMVZSIG-UHFFFAOYSA-N
CC(=O)N(c1onc(C)c1C)S(=O)(=O)c1ccc(N)cc1,JFNWFXVFBDDWCX-UHFFFAOYSA-N
C[n+]1c2cc(N)ccc2cc2ccc(N)cc21.Nc1ccc2cc3ccc(N)cc3nc2c1.[Cl-],PEJLNXHANOHNSU-UHFFFAOYSA-N
Cc1c2oc3c(C)ccc(C(=O)N[C@@H]4C(=O)N[C@H](C(C)C)C(=O)N5CCC[C@H]5C(=O)N(C)CC(=O)N(C)[C@@H](C(C)C)C(=O)O[C@@H]4C)c3nc-2c(C(=O)N[C@@H]2C(=O)N[C@H](C(C)C)C(=O)N3CCC[C@H]3C(=O)N(C)CC(=O)N(C)[C@@H](C(C)C)C(=O)O[C@@H]2C)c(N)c1=O,RJURFGZVJUQBHK-IIXSONLDSA-N
C[C@H](N)C(=O)N[C@@H](C)P(=O)(O)O,BHAYDBSYOBONRV-IUYQGCFVSA-N
CC[C@H]1OC(=O)[C@H](C)[C@@H](O[C@H]2C[C@@](C)(OC)C[C@H](C)O2)[C@H](C)[C@@H](O[C@@H]2O[C@H](C)C[C@H](N(C)CC)[C@H]2O)[C@@]2(C)CC(C)=C(O2)[C@H](C)[C@@H](O)[C@H]1C,IWTSXJNGTTXMFK-KTQUSEMZSA-N
CC1(C)S[C@@H]2[C@H](N=CN3CCCCCC3)C(=O)N2[C@H]1C(=O)O,BWWVAEOLVKTZFQ-NTZNESFSSA-N
CN(C)[C@@H]1C(=O)C(C(N)=O)C(=O)[C@@]2(O)C(=O)C3C(=O)c4c(ccc(N)c4O)C[C@H]3C[C@@H]12,ZRCLZMTXQITJGN-NOCITCANSA-N
NCC[C@H](O)C(=O)N[C@@H]1C[C@H](N)[C@@H](O[C@H]2O[C@H](CN)[C@@H](O)[C@H](O)[C@H]2O)[C@H](O)[C@H]1O[C@H]1O[C@H](CO)[C@@H](O)[C@H](N)[C@H]1O,LKCWBDHBTVXHDL-RMDFUYIESA-N
Nc1ccc(C(=O)O)c(O)c1,WUBBRNOQWQTFEX-UHFFFAOYSA-N
CC1(C)S[C@@H]2[C@H](NC(=O)[C@H](N)c3ccc(O)cc3)C(=O)N2[C@H]1C(=O)O,LSQZJLSUYDQPKJ-NJBDSQKTSA-N
C[C@@H]1[C@H](O)[C@@H](C)/C=C/C=C/C=C/C=C/C=C/C=C/C=C/[C@H](O[C@@H]2O[C@H](C)[C@@H](O)[C@H](N)[C@@H]2O)C[C@@H]2O[C@](O)(C[C@@H](O)C[C@@H](O)[C@H](O)CC[C@@H](O)C[C@@H](O)CC(=O)O[C@H]1C)C[C@H](O)[C@H]2C(=O)O,APKFDSVGJQXUKY-INPOYWNPSA-N
CC1(C)S[C@@H]2[C@H](NC(=O)[C@H](N)c3ccccc3)C(=O)N2[C@H]1C(=O)O,AVKUERGKIZMTKX-NJBDSQKTSA-N
CN(C)[C@@H]1C(=O)C(C(=O)NC(C(=O)O)N2CCN(CCO)CC2)C(=O)[C@@]2(O)C(=O)C3C(=O)c4c(O)cccc4[C@@](C)(O)[C@H]3C[C@@H]12,FDQOWGFGJJKXRB-SEOQTPSTSA-N
NCC[C@H](O)C(=O)N[C@@H]1C[C@H](N)[C@@H](O[C@H]2O[C@H](CN)CC[C@H]2N)[C@H](O)[C@H]1O[C@H]1O[C@H](CO)[C@@H](O)[C@H](N)[C@H]1O,MKKYBZZTJQGVCD-XTCKQBCOSA-N
Cc1nc(-c2ccc(C(C)(C)C)cc2)ncc1C(=O)N[C@@H](CCN)C(=O)N(C)[C@@H]1C(=O)N[C@@H](C)C(=O)N[C@H](C(=O)NCC#N)Cc2ccc(OCCN)c(c2)-c2cc1ccc2OCCN,FNOKZRYCHPSURW-WFXFPESJSA-N
CCCCCCCCCCCCCCCC(=O)N(C)[C@H](CO)C(=O)N[C@H](C)C(=O)NCC(=O)N(C)[C@@H]1C(=O)N[C@@H](C)C(=O)N[C@H](C(=O)O)Cc2ccc(O)c(c2)-c2cc1ccc2O,HGWCKYGOWQEYSJ-JBWZRHCTSA-N
CNC(=O)C[C@@H](N)C(=O)N[C@@H](C(=O)N[C@@H]1C(=O)N2[C@@H]1SC(C)(C)[C@@H]2C(=O)O)c1ccc(O)cc1,BHELIUBJHYAEDK-OAIUPTLZSA-N
CO[C@H]1[C@@H](O)[C@H](N)[C@@H](O[C@H]2O[C@H]([C@H](C)N)CC[C@H]2N)[C@H](O)[C@@H]1N(C)C(=O)CN,BIDUPMYXGFNAEJ-APGVDKLISA-N
NC(=O)[C@@H]1CC[C@@H]2CN1C(=O)N2OS(=O)(=O)O,NDCUAPJVLWFHHB-UHNVWZDZSA-N
Cn1c([N+](=O)[O-])cnc1/C=C/c1ccnc(N)n1,LHIALLMPKJMSIQ-NSCUHMNNSA-N
CC[C@H]1OC(=O)[C@H](C)[C@@H](O[C@H]2C[C@@](C)(OC)[C@@H](O)[C@H](C)O2)[C@H](C)[C@@H](O[C@@H]2O[C@H](C)C[C@H](N(C)C)[C@H]2O)[C@](C)(O)C[C@@H](C)CN(C)[C@H](C)[C@@H](O)[C@]1(C)O,MQTOSJVFKKJCRP-BICOPXKESA-N
CC1(C)S[C@@H]2[C@H](NC(=O)[C@H](NC(=O)N3CCNC3=O)c3ccccc3)C(=O)N2[C@H]1C(=O)O,JTWOMNBEOCYFNV-NFFDBFGFSA-N
[N-]=[N+]=CC(=O)CC[C@H](NC(=O)[C@H](CCC(=O)C=[N+]=[N-])NC(=O)CC[C@H](N)C(=O)O)C(=O)O,MNHVIVWFCMBFCV-AVGNSLFASA-N
Cc1cn([C@H]2C[C@H](N=[N+]=[N-])[C@@H](CO)O2)c(=O)[nH]c1=O,HBOMLICNUCNMMY-XLPZGREQSA-N
C[C@H]1[C@H](NC(=O)C(=NOC(C)(C)C(=O)O)c2csc(N)n2)C(=O)N1S(=O)(=O)O,WZPBZJONDBGPKJ-FSPLSTOPSA-N
CCOC(=O)OC(C)OC(=O)[C@@H]1N2C(=O)[C@@H](NC(=O)[C@H](N)c3ccccc3)[C@H]2SC1(C)C,PFOLLRNADZZWEX-FFGRCDKISA-N
CCC(C)C(N)C1=NC(C(=O)NC(CC(C)C)C(=O)NC(CCC(=O)O)C(=O)NC(C(=O)NCCCCC2NC(=O)C(CC(N)=O)NC(=O)C(CC(=O)O)NC(=O)C(Cc3cnc[nH]3)NC(=O)C(Cc3ccccc3)NC(=O)C(C(C)CC)NC(=O)C(CCCN)NC2=O)C(C)CC)CS1,VRKHYMXTJQCIND-UHFFFAOYSA-N
CC[C@H](C)[C@H](N)C1=N[C@H](C(=O)N[C@@H](CC(C)C)C(=O)N[C@H](CCC(=O)O)C(=O)N[C@H](C(=O)N[C@H]2CCCCNC(=O)[C@H](CC(N)=O)NC(=O)[C@@H](CC(=O)O)NC(=O)[C@H](Cc3cnc[nH]3)NC(=O)[C@@H](Cc3ccccc3)NC(=O)[C@H]([C@@H](C)CC)NC(=O)[C@@H](CCCN)NC2=O)[C@@H](C)CC)CS1,CLKOFPXJLQSYAH-ABRJDSQDSA-N
COc1nc2ccc(Br)cc2cc1[C@@H](c1ccccc1)[C@@](O)(CCN(C)C)c1cccc2ccccc12,QUIJNHUBAXPXFS-XLJNKUFUSA-N
NC[C@H]1O[C@H](O[C@H]2[C@H](O)[C@@H](O[C@H]3O[C@H](CO)[C@@H](O)[C@H](N)[C@H]3O)[C@H](N)C[C@@H]2N)[C@H](N)[C@@H](O)[C@@H]1O,SKKLOUVUUNMCJE-FQSMHNGLSA-N
CCCCCCCCCCCCC[N+](C)(C)Cc1ccccc1,VVZBFOKBSDGVGZ-UHFFFAOYSA-N
CC(C)(C)CC(C)(C)c1ccc(OCCOCC[N+](C)(C)Cc2ccccc2)cc1,SIYLLGKDQZGJHK-UHFFFAOYSA-N
O=C(Cn1ccnc1[N+](=O)[O-])NCc1ccccc1,CULUWZNBISUWAS-UHFFFAOYSA-N
O=C(OOC(=O)c1ccccc1)c1ccccc1,OMPJBNCRMGITSC-UHFFFAOYSA-N
CC1(C)SC2C(NC(=O)Cc3ccccc3)C(=O)N2C1C(=O)O,JGSARLDLIJGVTE-UHFFFAOYSA-N
N[C@@H]1CCCCN(c2c(F)cc3c(=O)c(C(=O)O)cn(C4CC4)c3c2Cl)C1,QFFGVLORLPOAEC-SNVBAGLBSA-N
C[C@@H](O)[C@H]1C(=O)N2C(C(=O)O)=C(SC3Cn4cnc[n+]4C3)[C@H](C)[C@H]12,MRMBZHPJVKCOMA-YJFSRANCSA-O
C=C1CCO[C@]2([C@@H](O)[C@@](C)(O)CO)NC(=O)[C@@]1(O)NC2=O,WOUDXEYYJPOSNE-VKZDFBPFSA-N
O=C([O-])CC(O)(CC(=O)[O-])C(=O)[O-].O=C([O-])CC(O)(CC(=O)[O-])C(=O)[O-].[Bi+3].[K+].[K+].[K+].[K+].[K+],PSMGOGIPZBBORN-UHFFFAOYSA-H
CN[C@@H]1[C@H](O[C@H]2[C@H](O[C@H]3[C@H](O)[C@@H](O)[C@H](OC(N)=O)[C@@H](O)[C@@H]3NC(=N)N)O[C@@H](C)[C@]2(O)CO)O[C@@H](CO)[C@H](O)[C@H]1O,RQLDKUSQKQMFCN-AEXVNIBOSA-N
C[C@@H]1C[C@H](C)C[C@H](C)[C@@H](O)CC(=O)O[C@H]([C@@H]2CCC[C@H]2C(=O)O)C/C=C/C=C(/C#N)[C@H](O)[C@@H](C)C1,OJCKRNPLOZHAOU-UGKRXNSESA-N
N=C(N)NCCCCC(=O)Nc1cc(C(F)(F)F)cc(NC(=O)c2cc(C(=O)Nc3cc(C(F)(F)F)cc(NC(=O)CCCCNC(=N)N)c3O[C@@H]3CCNC3)ncn2)c1O[C@@H]1CCNC1,QPDYBCZNGUJZDK-DNQXCXABSA-N
COc1cc(Cc2cnc(N)nc2N)cc(OC)c1Br,BFCRRLMMHNLSCP-UHFFFAOYSA-N
CCCC(=O)N[C@@H](CCN)C(=O)N[C@@H](C(=O)N[C@@H](CCN)C(=O)N[C@H]1CCNC(=O)[C@@H]([C@@H](C)O)NC(=O)[C@H](CCN)NC(=O)[C@H](CCN)NC(=O)[C@H](CC(C)C)NC(=O)[C@@H](Cc2ccccc2)NC(=O)[C@H](CCN)NC1=O)[C@@H](C)O,ILHKBINXWGGPDR-NXTRZWRSSA-N
NCC[C@H](O)CN[C@@H]1C[C@H](N)[C@@H](O[C@H]2O[C@H](CN)[C@@H](O)[C@H](O)[C@H]2O)[C@H](O)[C@H]1O[C@H]1O[C@H](CO)[C@@H](O)[C@H](N)[C@H]1O,OCFOTEIMZBKQFS-DGMGPCKZSA-N
O=C(O)c1cn(C2CC2)c2cc(N3CCC(O)(COc4ccc(N5C[C@H](CO)OC5=O)cc4F)CC3)c(F)cc2c1=O,XWFCFMXQTBGXQW-GOSISDBHSA-N
CNc1ccc2oc(C[C@H]3O[C@@]4(CC[C@H]3C)O[C@H]([C@H](C)C(=O)c3ccc[nH]3)[C@H](C)C[C@H]4C)nc2c1C(=O)O,HIYAVKIYRIFSCZ-CYEMHPAKSA-N
CC1/C=C/C=C/C=C/C=C/C=C/C=C/C=C/C(OC2O[C@H](C)[C@@H](O)[C@H](N)[C@@H]2O)CC(O)C(C(=O)O)C(O)CC(=O)CC(O)CC(O)CC(O)CC(=O)CCCC(=O)CC(=O)OC1C(C)CC(C)C(O)CC(=O)c1ccc(N)cc1,OPGSFDUODIJJGF-JBUZINEHSA-N
C[C@@H]1NC(=O)[C@@H](N)CNC(=O)[C@H](C2CCNC(=N)N2)NC(=O)/C(=C/NC(N)=O)NC(=O)[C@H](CNC(=O)CC(N)CCCN)NC1=O,FRXNXDHFQYZYNA-ZPAMOALQSA-N
O=C(O)C1=CC[C@@H]2CC(=O)N12,BSIMZHVOQZIAOY-SCSAIBSYSA-N
CC1(C)S[C@@H]2[C@H](NC(=O)C(C(=O)O)c3ccccc3)C(=O)N2[C@H]1C(=O)O,FPPNZSSZRUTDAP-UWFZAAFLSA-N
CO[C@@H]1[C@@H](O[C@@H]2O[C@H](C)[C@@H](O[C@H]3C[C@@](C)(O)[C@@H](OC(=O)CC(C)C)[C@H](C)O3)[C@H](N(C)C)[C@H]2O)[C@@H](CC=O)C[C@@H](C)C(=O)/C=C/[C@@H]2O[C@@H]2C[C@@H](C)OC(=O)C[C@H]1OC(C)=O,FQVHOULQCKDUCY-PRPXPMGXSA-N
CC1(C)S[C@@H]2[C@H](NC(=O)C(C(=O)Oc3ccccc3)c3ccccc3)C(=O)N2[C@H]1C(=O)O,NZDASSHFKWDBBU-KVMCETHSSA-N
CC1(C)S[C@@H]2[C@H](NC(=O)C(C(=O)Oc3ccc4c(c3)CCC4)c3ccccc3)C(=O)N2[C@H]1C(=O)O,JIRBAUWICKGBFE-MNRDOXJOSA-N
N#CC(C#N)=NNc1cccc(Cl)c1,UGTJLJZQQFGTJD-UHFFFAOYSA-N
CC(=O)OCC1=C(C(=O)O)N2C(=O)[C@@H](NC(=O)CC#N)[C@H]2SC1,RRYMAQUWDLIUPV-BXKDBHETSA-N
N[C@@H](C(=O)N[C@@H]1C(=O)N2C(C(=O)O)=C(Cl)CS[C@H]12)c1ccccc1,QYIYFLOTGYLRGG-GPCCPHFNSA-N
CC1=C(C(=O)O)N2C(=O)[C@@H](NC(=O)C(N)c3ccc(O)cc3)[C@H]2SC1,BOEGTKLJZSQCCD-HUFXEGEASA-N
CC1=C(C(=O)O)N2C(=O)[C@@H](NC(=O)[C@H](N)c3ccccc3)[C@H]2SC1,ZAIPMKNFIOOWCQ-UEKVPHQBSA-N
O=C(Cc1cccs1)N[C@@H]1C(=O)N2C(C(=O)O)=C(C[n+]3ccccc3)CS[C@H]12,CZTQZXZIADLWOZ-CRAIPNDOSA-O
CC(=O)OCC1=C(C(=O)O)N2C(=O)[C@@H](NC(=O)Cc3cccs3)[C@H]2SC1,XIURVHNZVLADCM-IUODEOHRSA-N
Cn1nnnc1SCC1=C(C(=O)O)N2C(=O)[C@@H](NC(=O)[C@H](O)c3ccccc3)[C@H]2SC1,OLVCFLKTBJRLHI-AXAPSJFSSA-N
Cn1nnnc1SCC1=C(C(=O)O)N2C(=O)C(NC(=O)C(OC=O)c3ccccc3)C2SC1,RRJHESVQVSRQEX-UHFFFAOYSA-N
CC(=O)OCC1=C(C(=O)O)N2C(=O)[C@@H](NC(=O)CSc3ccncc3)[C@H]2SC1,UQLLWWBDSUHNEB-CZUORRHYSA-N
N[C@@H](C(=O)N[C@@H]1C(=O)N2C(C(=O)O)=C(CSc3cnn[nH]3)CS[C@H]12)c1ccc(O)cc1,UOCJDOLVGGIYIQ-PBFPGSCMSA-N
Cc1nnc(SCC2=C(C(=O)O)N3C(=O)[C@@H](NC(=O)Cn4cc(Cl)c(=O)c(Cl)c4)[C@H]3SC2)s1,VTLCNEGVSVJLDN-MLGOLLRUSA-N
Cc1nnc(SCC2=C(C(=O)O)N3C(=O)[C@@H](NC(=O)Cn4cnnn4)[C@H]3SC2)s1,MLYYVTUWGNIJIB-BXKDBHETSA-N
CCN1CCN(C(=O)N[C@@H](C(=O)N[C@]2(OC)C(=O)N3C(C(=O)O)=C(CSc4nnnn4C)CS[C@@H]32)[C@H](C)O)C(=O)C1=O,SMSRCGPDNDCXFR-CYWZMYCQSA-N
CCC=C(C(=O)N[C@@H]1C(=O)N2C(C(=O)O)=C(COC(N)=O)CS[C@H]12)c1csc(N)n1,HJJRIJDTIPFROI-QMTHXVAHSA-N
C=CC1=C(C(=O)O)N2C(=O)[C@@H](NC(=O)C(=NO)c3csc(N)n3)[C@H]2SC1,RTXOFQZKPXMALH-PRHODGIISA-N
CON=C(C(=O)N[C@@H]1C(=O)N2C(C(=O)OCOC(=O)C(C)(C)C)=C(C=Cc3scnc3C)CS[C@H]12)c1csc(N)n1,AFZFFLVORLEPPO-DYESRHJHSA-N
CO/N=C(\C(=O)N[C@@H]1C(=O)N2C(C(=O)OCOC(=O)C(C)(C)C)=C(/C=C\c3scnc3C)CS[C@H]12)c1csc(N)n1,AFZFFLVORLEPPO-UVYJNCLZSA-N
CON=C(C(=O)N[C@@H]1C(=O)N2C(C(=O)O)=C(C)CS[C@H]12)c1csc(N)n1,MQLRYUCJDNBWMV-PRHODGIISA-N
C=CC1=C(C(=O)O)N2C(=O)[C@@H](NC(=O)C(=NOCC(=O)O)c3csc(N)n3)[C@H]2SC1,OKBVVJOGVLARMR-QMTHXVAHSA-N
CON=C(C(=O)N[C@@H]1C(=O)N2C(C(=O)O)=C(CSc3nnnn3C)CS[C@H]12)c1csc(N)n1,HJJDBAOLQAWBMH-NOZJJQNGSA-N
CO[C@@]1(NC(=O)CSCC#N)C(=O)N2C(C(=O)O)=C(CSc3nnnn3C)CS[C@@H]21,SNBUBQHDYVFSQF-HIFRSBDPSA-N
CO[C@@]1(NC(=O)CSC[C@@H](N)C(=O)O)C(=O)N2C(C(=O)O)=C(CSc3nnnn3C)CS[C@@H]21,JSDXOWVAHXDYCU-VXSYNFHWSA-N
CON=C(C(=O)N[C@@H]1C(=O)N2C(C(=O)O)=C(CSc3nc(C)c(CC(=O)O)s3)CS[C@H]12)c1csc(N)n1,XDZKBRJLTGRPSS-CXAGYDPISA-N
O=C(O)C1=C(CSc2nnnn2CS(=O)(=O)O)CS[C@@H]2[C@H](NC(=O)[C@H](O)c3ccccc3)C(=O)N12,DYAIAHUQIPBDIP-AXAPSJFSSA-N
CCN1CCN(C(=O)NC(C(=O)NC2C(=O)N3C(C(=O)O)=C(CSc4nnnn4C)CSC23)c2ccc(O)cc2)C(=O)C1=O,GCFBRXLSHGKWDP-UHFFFAOYSA-N
NCc1ccccc1CC(=O)N[C@@H]1C(=O)N2C(C(=O)O)=C(CSc3nnnn3CC(=O)O)CS[C@H]12,SLAYUXIURFNXPG-CRAIPNDOSA-N
CON=C(C(=O)N[C@@H]1C(=O)N2C(C(=O)O)=C(C[n+]3ccc(N)n3CCO)CS[C@H]12)c1csc(N)n1,BHXLLRXDAYEMPP-CXAGYDPISA-O
CON=C(C(=O)N[C@@H]1C(=O)N2C(C(=O)O)=C(COC(C)=O)CS[C@H]12)c1csc(N)n1,GPRBEKHLDVQUJE-QMTHXVAHSA-N
CO[C@@]1(NC(=O)C2SC(=C(C(N)=O)C(=O)O)S2)C(=O)N2C(C(=O)O)=C(CSc3nnnn3C)CS[C@@H]21,SRZNHPXWXCNNDU-RHBCBLIFSA-N
CN(C)CCn1nnnc1SCC1=C(C(=O)O)N2C(=O)[C@@H](NC(=O)Cc3csc(N)n3)[C@H]2SC1,QYQDKDWGWDOFFU-IUODEOHRSA-N
CO[C@@]1(NC(=O)Cc2cccs2)C(=O)N2C(C(=O)O)=C(COC(N)=O)CS[C@@H]21,WZOZEZRFJCJXNZ-ZBFHGGJFSA-N
CON=C(C(=O)N[C@@H]1C(=O)N2C(C(=O)O)=C(C[n+]3ccn4ncccc43)CS[C@H]12)c1nsc(N)n1,QDUIJCOKQCCXQY-SJKOYZFVSA-O
Cc1cc(=O)c(C(=O)N[C@@H](C(=O)N[C@@H]2C(=O)N3C(C(=O)O)=C(CSc4nnnn4C)CS[C@H]23)c2ccc(O)cc2)c[nH]1,PWAUCHMQEXVFJR-PMAPCBKXSA-N
CON=C(C(=O)N[C@@H]1C(=O)N2C(C(=O)O)=C(C[n+]3cccc4c3CCC4)CS[C@H]12)c1csc(N)n1,DKOQGJHPHLTOJR-OXQOHEQNSA-O
COCC1=C(C(=O)O)N2C(=O)[C@@H](NC(=O)C(=NOC)c3csc(N)n3)[C@H]2SC1,WYUSVOMTXWRGEK-NOZJJQNGSA-N
COCC1=C(C(=O)OC(C)OC(=O)OC(C)C)N2C(=O)[C@@H](NC(=O)/C(=N\OC)c3csc(N)n3)[C@H]2SC1,LTINZAODLRIQIX-FBXRGJNPSA-N
COCC1=C(C(=O)OC(C)OC(=O)OC(C)C)N2C(=O)[C@@H](NC(=O)C(=NOC)c3csc(N)n3)[C@H]2SC1,LTINZAODLRIQIX-OBEQYXGQSA-N
CC=CC1=C(C(=O)O)N2C(=O)[C@@H](NC(=O)[C@H](N)c3ccc(O)cc3)[C@H]2SC1,WDLWHQDACQUCJR-PBFPGSCMSA-N
COC1=C(C(=O)O)N2C(=O)[C@@H](NC(=O)[C@H](N)C3=CCC=CC3)[C@H]2SC1,RDMOROXKXONCAL-UEKVPHQBSA-N
NC(=O)c1cc[n+](CC2=C(C(=O)O)N3C(=O)[C@@H](NC(=O)C(c4ccccc4)S(=O)(=O)O)[C@H]3SC2)cc1,SYLKGLMBLAAGSC-IKZMBGHXSA-O
CCON=C(C(=O)N[C@@H]1C(=O)N2C(C(=O)O)=C(Sc3nc(-c4cc[n+](C)cc4)cs3)CS[C@H]12)c1nsc(NP(=O)(O)O)n1,ZCCUWMICIWSJIX-AUUYWEPGSA-O
CC(C)(O/N=C(\C(=O)N[C@@H]1C(=O)N2C(C(=O)[O-])=C(C[n+]3ccccc3)CS[C@H]12)c1csc(N)n1)C(=O)O,ORFOPKXBNMVMKC-DWVKKRMSSA-N
O=C(Cn1cnnn1)N[C@@H]1C(=O)N2C(C(=O)O)=C(CSc3nncs3)CS[C@H]12,DZMVCVMFETWNIU-LDYMZIIASA-N
Nc1nc(C(=CCC(=O)O)C(=O)N[C@@H]2C(=O)N3C(C(=O)O)=CCS[C@H]23)cs1,UNJFKXSSGBWRBZ-ZWNOBZJWSA-N
CON=C(C(=O)N[C@@H]1C(=O)N2C(C(=O)O)=CCS[C@H]12)c1csc(N)n1,NNULBSISHYWZJU-LDYMZIIASA-N
Nc1nc(C(=NO)C(=O)N[C@@H]2C(=O)N3C(C(=O)O)=C(C=C4CCN([C@@H]5CCNC5)C4=O)CS[C@H]23)ns1,VOAZJEPQLGBXGO-AJLCLMPTSA-N
Cc1oc(=O)oc1COC(=O)N1CC[C@@H](N2CCC(=CC3=C(C(=O)O)N4C(=O)[C@@H](NC(=O)C(=NO)c5nsc(N)n5)[C@H]4SC3)C2=O)C1,HFTSMHTWUFCYMJ-GGRMYQCBSA-N
Cn1c(N)c(NC(=O)NCCN)c[n+]1CC1=C(C(=O)O)N2C(=O)[C@@H](NC(=O)C(=NOC(C)(C)C(=O)O)c3nsc(N)n3)[C@H]2SC1,JHFNIHVVXRKLEF-KZULUSFZSA-O
CON=C(C(=O)N[C@@H]1C(=O)N2C(C(=O)O)=C(CSc3nc(=O)c(=O)[nH]n3C)CS[C@H]12)c1csc(N)n1,VAAUVRVFOQPIGI-RFAUZJTJSA-N
CON=C(C(=O)N[C@@H]1C(=O)N2C(C(=O)O)=C(COC(N)=O)CS[C@H]12)c1ccco1,JFPVXVDWJQMJEE-QMTHXVAHSA-N
CON=C(C(=O)N[C@@H]1C(=O)N2C(C(=O)OC(C)OC(C)=O)=C(COC(N)=O)CS[C@H]12)c1ccco1,KEJCWVGMRLCZQQ-OBEQYXGQSA-N
CC1=C(C(=O)O)N2C(=O)C(NC(=O)C(N)c3ccccc3)C2SC1,ZAIPMKNFIOOWCQ-UHFFFAOYSA-N
CC(=O)OCC1=C(C(=O)O)N2C(=O)[C@@H](NC(=O)[C@H](N)c3ccccc3)[C@H]2SC1,FUBBGQLTSCSAON-PBFPGSCMSA-N
CC(=O)OCC1=C(C(=O)O)N2C(=O)C(NC(=O)Cc3cccs3)C2SC1,XIURVHNZVLADCM-UHFFFAOYSA-N
CC1=C(C(=O)O)N2C(=O)[C@@H](NC(=O)[C@H](N)C3=CCC=CC3)C2SC1,RDLPVSKMFDYCOR-MHSSMOFYSA-N
CC[C@H]1OC(=O)[C@H](C)C(=O)[C@H](C)[C@@H](O[C@@H]2O[C@H](C)C[C@H](N(C)C)[C@H]2O)[C@](C)(OCC=Cc2cnc3ccccc3c2)C[C@@H](C)C(=O)[C@H](C)[C@H]2NC(=O)O[C@@]21C,PENDGIOBPJLVBT-AMXFZXBBSA-N
CC(=O)C1C(=O)[C@H](N)[C@@H]2Cc3c(c(O)c4c(O)c(C)ccc4c3C)C(=O)[C@]2(O)C1=O,HRSRDAQHJOGYEX-JOFIZWHESA-N
CCCCCCCCCCCCCCCC[N+](C)(C)C,RLGQACBPNDBWTB-UHFFFAOYSA-N
CCCCCCCCCCCCCCCC[n+]1ccccc1,NEUSVAOJNUQRTM-UHFFFAOYSA-N
CCOC(=O)[C@@H]1CC(=O)O[C@H](C)C/C=C/C=C/[C@H](O)[C@H](C)C[C@H](CC=O)[C@H](O[C@@H]2O[C@H](C)[C@@H](O[C@H]3C[C@@](C)(O)[C@@H](OC(=O)CC)[C@H](C)O3)[C@H](N(C)C)[C@H]2O)[C@H]1OC,NGNBWGMTPDSDCJ-QDFUUMMMSA-N
CC[C@H](C)C(=O)O[C@@H](C)[C@@]1(O)[C@H](C)O[C@@H](O[C@H]2[C@@H](O)[C@H]([C@@]3(O)CC(=O)C(N)=C(C(=O)O)C3=O)O[C@H](COC(C)=O)[C@H]2OC(=O)C(CC(C)SC[C@H](NC(C)=O)C(=O)O)NC(=S)SC[C@H](NC(C)=O)C(=O)O)C[C@@H]1OC,NTRRYQMDNVLDQZ-SPVCFFFXSA-N
CCCCc1ccc(CN2CCN(Cc3c(O)cc4c(c3O)-c3cc(ccc3O)C3NC(=O)C5NC(=O)C6NC(=O)C(Cc7ccc(c(Cl)c7)Oc7cc5cc(c7O)Oc5ccc(cc5Cl)C(O)C(NC3=O)C(=O)N[C@H]4C(=O)NC)NC(=O)C(N)c3ccc(O)c(c3)Oc3cc(O)cc6c3)CC2)cc1,BIKDXUOWNCLODJ-UABOENRUSA-N
O=C(NC1C(=O)NC2Cc3ccc(c(Cl)c3)Oc3cc4cc(c3O)Oc3ccc(cc3Cl)C(O)C3NC(=O)C(NC(=O)C4NC(=O)C(NC2=O)c2cc(O)cc(c2)Oc2cc1ccc2O)c1ccc(O)c(c1)-c1c(O)cc(O)cc1[C@H](C(=O)O)NC3=O)OC12CC3CC(CC(C3)C1)C2,NRCGIFQLRHJGPK-XVSQXMFMSA-N
NCCCCCCNC(=O)[C@@H]1NC(=O)C2NC(=O)C(NC(=O)C3NC(=O)C4NC(=O)C(Cc5ccc(c(Cl)c5)Oc5cc3cc(c5O)Oc3ccc(cc3Cl)C2O)NC(=O)C(N)c2ccc(O)c(c2)Oc2cc(O)cc4c2)c2ccc(O)c(c2)-c2c(O)cc(O)cc21,XWGHWNJLDWWQIX-DNPWDKSZSA-N
NC[C@@H]1O[C@@H](O[C@H]2[C@H](O)[C@@H](O[C@H]3O[C@H](CO)[C@@H](O)[C@H](N)[C@H]3O)[C@H](N)C[C@@H]2N)[C@@H](O)[C@H](O)[C@H]1O,SBUJHOSQTJFQJX-KSACQAOKSA-N
CC[C@H]1OC(=O)[C@H](C)[C@@H](O[C@H]2C[C@@](C)(OC)[C@@](O)(c3ccccn3)[C@H](C)O2)[C@H](C)[C@@H](O[C@@H]2O[C@H](C)C[C@H](N(C)C)[C@H]2O)[C@](C)(O)C[C@@H](C)CN[C@H](C)[C@@H](O)[C@]1(C)O,IHYAXKGXYODMSW-GCTZUTBUSA-N
NC1Cc2ccc(c(Cl)c2)Oc2cc3cc(c2O)Oc2ccc(cc2Cl)C(O)C2NC(=O)C(NC(=O)C3NC(=O)C(c3cc(O)cc(Oc4cc(C5NC(=S)N(c6ccccc6)C5=O)ccc4O)c3)NC1=O)c1ccc(O)c(c1)-c1c(cc(O)c(CNC3C4CC5CC(C4)CC3C5)c1O)[C@H](C(=O)O)NC2=O,KANGTWPHUIJOLO-JLYKQMKMSA-N
CC(C)CC(C(=O)NC1C(=O)NC(CC(N)=O)C(=O)NC2C(=O)NC3C(=O)NC(C(=O)N[C@@H](C(=O)O)c4cc(O)c(CN5CCN(Cc6ccc(-c7ccccc7)cc6)CC5)c(O)c4-c4cc3ccc4O)C(O)c3ccc(cc3)Oc3cc2cc(c3O)Oc2ccc(cc2Cl)C1O)N(C)C(=O)OC(C)(C)C,QKXJCNMZXBJJNY-MJZONAFYSA-N
CNC(=O)[C@@H]1NC(=O)C2NC(=O)C(NC(=O)C3NC(=O)C4NC(=O)C(Cc5ccc(c(Cl)c5)Oc5cc3cc(c5O)Oc3ccc(cc3Cl)C2O)NC(=O)C(N)c2ccc(O)c(c2)Oc2cc(O)cc4c2)c2ccc(O)c(c2)-c2c1cc(O)c(CNC1C3CC4CC(C3)CC1C4)c2O,KDRVYCZIKGQBME-WMDMOZKJSA-N
COc1cc(-c2nc3ccc(C[C@H]4NC(=O)[C@H]([C@@H](C)c5ccccc5)NC(=O)CNC(=O)[C@H](CO)NC(=O)[C@@H]([C@@H](O)[C@@H]5CN=C(N)N5[C@H]5O[C@H](CO)[C@@H](O)[C@H](O)[C@@H]5O)NC(=O)[C@H]([C@H](O)[C@@H]5CN=C(N)N5)NC4=O)cc3o2)cc(OC)c1OC,JCRVASQKYXBXBJ-XMPOMLLBSA-N
CNC(=O)[C@@H]1NC(=O)C2NC(=O)C(NC(=O)C3NC(=O)C4NC(=O)C(Cc5ccc(c(Cl)c5)Oc5cc3cc(c5O)Oc3ccc(cc3Cl)C2O)NC(=O)C(NC(=O)OC(C)(C)C)c2ccc(O)c(c2)Oc2cc(O)cc4c2)c2ccc(O)c(c2)-c2c(O)cc(O)cc21,FVHJFQGAHGAFBC-YOBUBEFESA-N
COC(=O)[C@@H]1NC(=O)C2NC(=O)C(NC(=O)C(N)c3cc(Oc4ccc(CC(NC(=O)OCc5ccccc5)C(=O)O)cc4Cl)c(O)c(c3)Oc3ccc(cc3Cl)C2O)c2ccc(O)c(c2)-c2c(O)cc(O)cc21,OEBJGXGIGGEAIM-YOTWETTFSA-N
COC(=O)[C@@H]1NC(=O)C2NC(=O)C(NC(=O)C3NC(=O)C4NC(=O)C(Cc5ccc(c(Cl)c5)Oc5cc3cc(c5O)Oc3ccc(cc3Cl)C2O)NC(=O)C(N)c2ccc(O)c(c2)Oc2cc(O)cc4c2)c2ccc(O)c(c2)-c2c(O)cc(O)cc21,XRSVNFWJYMGXSG-LHQZJZQXSA-N
CNC1C(=O)NC2Cc3ccc(cc3)Oc3cc4cc(c3O)Oc3ccc(cc3Cl)C(O)C3NC(=O)C(NC(=O)C4NC(=O)C(NC2=O)c2cc(cc(O)c2Cl)Oc2cc1ccc2O)c1ccc(O)c(c1)-c1c(O)cc(O)cc1[C@H](C(=O)O)NC3=O,NJSQQTVUEOPLNL-AVZZTUDKSA-N
CNC1C(=O)NC2Cc3ccc(cc3)Oc3cc4cc(c3OC3OC(C(=O)O)C(O)C(O)C3N)Oc3ccc(cc3Cl)C(O)C3NC(=O)C(NC(=O)C4NC(=O)C(NC2=O)c2cc(cc(O)c2Cl)Oc2cc1ccc2O)c1ccc(O)c(c1)-c1c(O)cc(O)cc1[C@H](C(=O)O)NC3=O,XBNNDYDTNYAVOU-GLWCTPEQSA-N
COC(=O)[C@@H]1NC(=O)C2NC(=O)C(NC(=O)C(NC(=O)OC(C)(C)C)c3cc(Oc4ccc(CC(NC(=O)OCc5ccccc5)C(=O)O)cc4Cl)c(O)c(c3)Oc3ccc(cc3Cl)C2O)c2ccc(O)c(c2)-c2c1cc(O)c(CNC1C3CC4CC(C3)CC1C4)c2O,GRQOSRHJEDIDMD-XMEIAQBLSA-N
CC(C)(C)OC(=O)NC1C(=O)NC2Cc3ccc(c(Cl)c3)Oc3cc4cc(c3O)Oc3ccc(cc3Cl)C(O)C3NC(=O)C(NC(=O)C4NC(=O)C(NC2=O)c2cc(O)cc(c2)Oc2cc1ccc2O)c1ccc(O)c(c1)-c1c(O)cc(O)cc1[C@H](C(=O)O)NC3=O,PLVIBWSHKFMVSL-SOJDZCJISA-N
CN(Cc1ccc(Cl)cc1)Cc1c(O)cc2c(c1O)-c1cc(ccc1O)C1NC(=O)C3NC(=O)C4NC(=O)C(Cc5ccc(c(Cl)c5)Oc5cc3cc(c5O)Oc3ccc(cc3Cl)C(O)C(NC1=O)C(=O)N[C@H]2C(=O)O)NC(=O)C(N)c1ccc(O)c(c1)Oc1cc(O)cc4c1,ZQJBUTJRPOFSEI-KYQXYULESA-N
C[C@@H](c1ccccc1)[C@@H]1NC(=O)CNC(=O)[C@H](CO)NC(=O)[C@@H]([C@@H](O)[C@@H]2CN=C(N)N2[C@H]2O[C@H](CO)[C@@H](O)[C@H](O)[C@@H]2O)NC(=O)[C@H]([C@H](O)[C@@H]2CN=C(N)N2)NC(=O)[C@@H](Cc2ccc3nc(-c4ccc(C(C)(C)C)cc4)oc3c2)NC1=O,SSJLUSIMWYIGPH-FLGMMNNFSA-N
COC(=O)[C@@H]1NC(=O)C2NC(=O)C(NC(=O)C3NC(=O)C4NC(=O)C(NC(=O)C(N)c5ccc(O)c(c5)Oc5cc4cc(O)c5C)C(O)c4ccc(cc4)Oc4cc3cc(c4O)Oc3ccc(cc3)C2O)c2ccc(O)c(c2)-c2c(O)cc(O)cc21,OYQWICYKFCGTRN-DUEGRUSKSA-N
Cc1ccc(Oc2ccc(-c3nc4ccc(C[C@H]5NC(=O)[C@H]([C@@H](C)c6ccccc6)NC(=O)CNC(=O)[C@H](CO)NC(=O)[C@@H]([C@@H](O)[C@@H]6CN=C(N)N6[C@H]6O[C@H](CO)[C@@H](O)[C@H](O)[C@@H]6O)NC(=O)[C@H]([C@H](O)[C@@H]6CN=C(N)N6)NC5=O)cc4o3)cc2)cc1,SVMMBPOEZXWRRV-XYKVQGINSA-N
O=C(NC1C(=O)NC2Cc3ccc(c(Cl)c3)Oc3cc4cc(c3O)Oc3ccc(cc3Cl)C(O)C3NC(=O)C(NC(=O)C4NC(=O)C(NC2=O)c2cc(O)cc(c2)Oc2cc1ccc2O)c1ccc(O)c(c1)-c1c(O)cc(O)cc1[C@H](C(=O)O)NC3=O)OCc1ccccc1,ZCLBNATZKFCZDL-GKXOUHAJSA-N
C[C@@H](c1ccccc1)[C@@H]1NC(=O)CNC(=O)[C@H](CO)NC(=O)[C@@H]([C@@H](O)[C@@H]2CN=C(N)N2[C@H]2O[C@H](CO)[C@@H](O)[C@H](O)[C@@H]2O)NC(=O)[C@H]([C@H](O)[C@@H]2CN=C(N)N2)NC(=O)[C@@H](Cc2ccc3nc(-c4ccco4)oc3c2)NC1=O,JJFFXHDRXZCGAG-GNQYKQSWSA-N
C[C@@H](c1ccccc1)[C@@H]1NC(=O)CNC(=O)[C@H](CO)NC(=O)[C@@H]([C@@H](O)[C@@H]2CN=C(N)N2[C@H]2O[C@H](CO)[C@@H](O)[C@H](O)[C@@H]2O)NC(=O)[C@H]([C@H](O)[C@@H]2CN=C(N)N2)NC(=O)[C@@H](Cc2ccc3nc(SCc4ccc(-c5ccccc5)cc4)oc3c2)NC1=O,LXBFURHGXQBHCJ-GFSIEKGOSA-N
COc1ccc(C(OCCn2c([N+](=O)[O-])cnc2C)c2ccccc2)cc1,HAINJKODIXQCAK-UHFFFAOYSA-N
CC[C@H]1OC(=O)[C@H](C)[C@@H](O[C@H]2C[C@@](C)(OC)[C@@](O)(c3nccn3C)[C@H](C)O2)[C@H](C)[C@@H](O[C@@H]2O[C@H](C)C[C@H](N(C)C)[C@H]2O)[C@](C)(O)C[C@@H](C)CN(C)[C@H](C)[C@@H](O)[C@]1(C)O,PWFUMELSLSULTE-HFOGJTIKSA-N
CC[C@H]1OC(=O)[C@H](C)[C@@H](O[C@H]2C[C@@](C)(OC)[C@@](O)(c3ccccc3)[C@H](C)O2)[C@H](C)[C@@H](O[C@@H]2O[C@H](C)C[C@H](N(C)C)[C@H]2O)[C@](C)(O)C[C@@H](C)CN[C@H](C)[C@@H](O)[C@]1(C)O,DYXXJXBBXIMQNY-VCSXUULUSA-N
C#C[C@@]1(O)[C@H](C)O[C@@H](O[C@H]2[C@H](C)[C@@H](O[C@@H]3O[C@H](C)C[C@H](N(C)C)[C@H]3O)[C@](C)(O)C[C@@H](C)CN(C)[C@H](C)[C@@H](O)[C@](C)(O)[C@@H](CC)OC(=O)[C@@H]2C)C[C@@]1(C)OC,ZACKMJMPUHCXHW-BMNWWTOTSA-N
C=CC[C@@]1(O)[C@H](C)O[C@@H](O[C@H]2[C@H](C)[C@@H](O[C@@H]3O[C@H](C)C[C@H](N(C)C)[C@H]3O)[C@](C)(O)C[C@@H](C)CN[C@H](C)[C@@H](O)[C@](C)(O)[C@@H](CC)OC(=O)[C@@H]2C)C[C@@]1(C)OC,SKPBSRJBKOSDKH-BMNWWTOTSA-N
CC[C@H]1OC(=O)[C@H](C)[C@@H](O[C@H]2C[C@@](C)(OC)[C@@](O)(CCO)[C@H](C)O2)[C@H](C)[C@@H](O[C@@H]2O[C@H](C)C[C@H](N(C)C)[C@H]2O)[C@](C)(O)C[C@@H](C)CN[C@H](C)[C@@H](O)[C@]1(C)O,AECJYZFQQYFHTM-VSYZXMJYSA-N
CC[C@H]1OC(=O)[C@H](C)[C@@H](O[C@H]2C[C@@](C)(OC)[C@@](O)(C#CCN(C)C)[C@H](C)O2)[C@H](C)[C@@H](O[C@@H]2O[C@H](C)C[C@H](N(C)C)[C@H]2O)[C@](C)(O)C[C@@H](C)CN(C)[C@H](C)[C@@H](O)[C@]1(C)O,MWKDKHNZDVQKOG-HEJNULLJSA-N
CC[C@H]1OC(=O)[C@H](C)[C@@H](O[C@H]2C[C@@](C)(OC)[C@@](O)(c3ccco3)[C@H](C)O2)[C@H](C)[C@@H](O[C@@H]2O[C@H](C)C[C@H](N(C)C)[C@H]2O)[C@](C)(O)C[C@@H](C)CN[C@H](C)[C@@H](O)[C@]1(C)O,XZOZLFUVAYFSDE-RQTSPDPLSA-N
CC[C@H]1OC(=O)[C@H](C)[C@@H](O[C@H]2C[C@@](C)(OC)[C@@](O)(CCCOC)[C@H](C)O2)[C@H](C)[C@@H](O[C@@H]2O[C@H](C)C[C@H](N(C)C)[C@H]2O)[C@](C)(O)C[C@@H](C)CN(C)[C@H](C)[C@@H](O)[C@]1(C)O,VOKJIEPNDYBMAJ-ASIIUGTMSA-N
C#C[C@@]1(O)[C@H](C)O[C@@H](O[C@H]2[C@H](C)[C@@H](O[C@@H]3O[C@H](C)C[C@H](N(C)C)[C@H]3O)[C@](C)(O)C[C@@H](C)CN[C@H](C)[C@@H](O)[C@](C)(O)[C@@H](CC)OC(=O)[C@@H]2C)C[C@@]1(C)OC,IUFHPVGTYKEOQQ-VSYZXMJYSA-N
CC[C@H]1OC(=O)[C@H](C)[C@@H](O[C@H]2C[C@@](C)(OC)[C@@](O)(C#CCOC)[C@H](C)O2)[C@H](C)[C@@H](O[C@@H]2O[C@H](C)C[C@H](N(C)C)[C@H]2O)[C@](C)(O)C[C@@H](C)CN(C)[C@H](C)[C@@H](O)[C@]1(C)O,IPKQNXWFXWCKGC-ASIIUGTMSA-N
CC[C@H]1OC(=O)[C@H](C)[C@@H](O[C@H]2C[C@@](C)(OC)[C@@](O)(C#CCN(C)C)[C@H](C)O2)[C@H](C)[C@@H](O[C@@H]2O[C@H](C)C[C@H](N(C)C)[C@H]2O)[C@](C)(O)C[C@@H](C)CN[C@H](C)[C@@H](O)[C@]1(C)O,SZCXFXCQFLVKKA-ASIIUGTMSA-N
CCCC[C@@]1(O)[C@H](C)O[C@@H](O[C@H]2[C@H](C)[C@@H](O[C@@H]3O[C@H](C)C[C@H](N(C)C)[C@H]3O)[C@](C)(O)C[C@@H](C)CN[C@H](C)[C@@H](O)[C@](C)(O)[C@@H](CC)OC(=O)[C@@H]2C)C[C@@]1(C)OC,XGRODDAWSNAYLR-GQOMQJQLSA-N
CCC[C@@]1(O)[C@H](C)O[C@@H](O[C@H]2[C@H](C)[C@@H](O[C@@H]3O[C@H](C)C[C@H](N(C)C)[C@H]3O)[C@](C)(O)C[C@@H](C)CN[C@H](C)[C@@H](O)[C@](C)(O)[C@@H](CC)OC(=O)[C@@H]2C)C[C@@]1(C)OC,FFIQNHYLFLIOJD-BMNWWTOTSA-N
C=C[C@@]1(O)[C@H](C)O[C@@H](O[C@H]2[C@H](C)[C@@H](O[C@@H]3O[C@H](C)C[C@H](N(C)C)[C@H]3O)[C@](C)(O)C[C@@H](C)CN[C@H](C)[C@@H](O)[C@](C)(O)[C@@H](CC)OC(=O)[C@@H]2C)C[C@@]1(C)OC,ASUQGWOIKGRIQQ-VSYZXMJYSA-N
CC[C@H]1OC(=O)[C@H](C)[C@@H](O[C@H]2C[C@@](C)(OC)[C@@](O)(CC)[C@H](C)O2)[C@H](C)[C@@H](O[C@@H]2O[C@H](C)C[C@H](N(C)C)[C@H]2O)[C@](C)(O)C[C@@H](C)CN[C@H](C)[C@@H](O)[C@]1(C)O,SLDYUUIMPWPZRW-VSYZXMJYSA-N
CC[C@H]1OC(=O)[C@H](C)[C@@H](O[C@H]2C[C@@](C)(OC)[C@@](O)(c3cc4ccccc4n3C)[C@H](C)O2)[C@H](C)[C@@H](O[C@@H]2O[C@H](C)C[C@H](N(C)C)[C@H]2O)[C@](C)(O)C[C@@H](C)CN(C)[C@H](C)[C@@H](O)[C@]1(C)O,HDKQXSARCLKICO-IJQAEKRMSA-N
CC#C[C@@]1(O)[C@H](C)O[C@@H](O[C@H]2[C@H](C)[C@@H](O[C@@H]3O[C@H](C)C[C@H](N(C)C)[C@H]3O)[C@](C)(O)C[C@@H](C)CN[C@H](C)[C@@H](O)[C@](C)(O)[C@@H](CC)OC(=O)[C@@H]2C)C[C@@]1(C)OC,FLWTTXPHSOFYIM-BMNWWTOTSA-N
CC[C@H]1OC(=O)[C@H](C)[C@@H](O[C@H]2C[C@@](C)(OC)[C@@](O)(c3cc4ccccc4n3C)[C@H](C)O2)[C@H](C)[C@@H](O[C@@H]2O[C@H](C)C[C@H](N(C)C)[C@H]2O)[C@](C)(O)C[C@@H](C)CN[C@H](C)[C@@H](O)[C@]1(C)O,JWGRHDVHNCMOFN-KZEIKKQFSA-N
CC[C@H]1OC(=O)[C@H](C)[C@@H](O[C@H]2C[C@@](C)(OC)[C@@](O)(C#CCOC)[C@H](C)O2)[C@H](C)[C@@H](O[C@@H]2O[C@H](C)C[C@H](N(C)C)[C@H]2O)[C@](C)(O)C[C@@H](C)CN[C@H](C)[C@@H](O)[C@]1(C)O,OCKQOOMELURKJO-GQOMQJQLSA-N
NC1Cc2ccc(c(Cl)c2)Oc2cc3cc(c2O)Oc2ccc(cc2Cl)C(O)C2NC(=O)C(NC(=O)C3NC(=O)C(c3cc(O)cc(Oc4cc(C5NC(=S)N(c6ccccc6)C5=O)ccc4O)c3)NC1=O)c1ccc(O)c(c1)-c1c(O)cc(O)cc1[C@H](C(=O)O)NC2=O,ZTCUILBVVZSLGQ-DNPWDKSZSA-N
CNC(=O)[C@@H]1NC(=O)C2NC(=O)C(NC(=O)C3NC(=O)C(CC(N)=O)NC(=O)C(NC(=O)C(CC(C)C)NC)C(O)c4ccc(c(Cl)c4)Oc4cc3cc(c4O)Oc3ccc(cc3)C2O)c2ccc(O)c(c2)-c2c1cc(O)c(CN1CCN(Cc3ccc(-c4ccccc4)cc3)CC1)c2O,VEXBYERNVCHIIZ-HLHVPSEBSA-N
C[C@@H](c1ccccc1)[C@@H]1NC(=O)CNC(=O)[C@H](CO)NC(=O)[C@@H]([C@@H](O)[C@@H]2CN=C(N)N2[C@H]2O[C@H](CO)[C@@H](O)[C@H](O)[C@@H]2O)NC(=O)[C@H]([C@H](O)[C@@H]2CN=C(N)N2)NC(=O)[C@@H](Cc2ccc3nc(-c4cccc(F)c4)oc3c2)NC1=O,GAULYAVMEWVYKO-LVVLPQIWSA-N
C[C@@H](c1ccccc1)[C@@H]1NC(=O)CNC(=O)[C@H](CO)NC(=O)[C@@H]([C@@H](O)[C@@H]2CN=C(N)N2[C@H]2O[C@H](CO)[C@@H](O)[C@H](O)[C@@H]2O)NC(=O)[C@H]([C@H](O)[C@@H]2CN=C(N)N2)NC(=O)[C@@H](Cc2ccc3nc(-c4cccs4)oc3c2)NC1=O,NXZWHSGZEJJBHY-CWYJFFCXSA-N
CNC(CC(C)C)C(=O)NC1C(=O)NC(CC(N)=O)C(=O)NC2C(=O)NC3C(=O)NC(C(=O)N[C@@H](C(=O)O)c4cc(O)c(CN5CCN(Cc6ccc(-c7ccccc7)cc6)CC5)c(O)c4-c4cc3ccc4O)C(O)c3ccc(cc3)Oc3cc2cc(c3O)Oc2ccc(cc2Cl)C1O,SPNIZYIIWXHGSI-UVNQXITLSA-N
CCN1CC(C(=O)O)C(=O)c2cc(F)c(N3CCNCC3)cc21,NFGPPHBSSDCMOL-UHFFFAOYSA-N
CO[C@@H]1[C@@H](OC(=O)c2ccc(C)[nH]2)[C@@H](O)[C@@H](Oc2ccc3c(O)c(NC(=O)c4c[nH]c(C(=O)Nc5c(O)c6ccc(O[C@H]7OC(C)(C)[C@H](OC)[C@@H](OC(=O)c8ccc(C)[nH]8)[C@H]7O)c(C)c6oc5=O)c4C)c(=O)oc3c2C)OC1(C)C,WTIJXIZOODAMJT-WBACWINTSA-N
C=C1/C=C/[C@H](C)[C@@H](O[C@@H]2O[C@H](C)[C@@H](O)[C@@H](OC)[C@H]2OC)CC[C@](C)(O)C(=O)/C=C/[C@@H]2O[C@H]2[C@H](CO[C@@H]2O[C@H](C)C[C@H](OC)[C@H]2O)[C@@H](C)O1,GDJNSDVQXIUOGF-BPFJZTMSSA-N
NC1C(=O)NC2Cc3ccc(c(Cl)c3)Oc3cc4cc(c3O)Oc3ccc(cc3Cl)C(O)C3NC(=O)C(NC(=O)C4NC(=O)C(NC2=O)c2cc(O)cc(c2)Oc2cc1ccc2O)c1ccc(O)c(c1)-c1c(O)cc(O)cc1[C@H](C(=O)C1NCCC2CCCCC21)NC3=O,JVICPUKSPYHQMV-GNJOZTTBSA-N
CNC(=O)[C@@H]1NC(=O)C2NC(=O)C(NC(=O)C3NC(=O)C(CC(N)=O)NC(=O)C(N)C(O)c4ccc(c(Cl)c4)Oc4cc3cc(c4O)Oc3ccc(cc3)C2O)c2ccc(O)c(c2)-c2c1cc(O)c(CNC1C3CC4CC(C3)CC1C4)c2O,MRVDIJUWENUPIQ-RDMHOXNDSA-N
C[C@@H](c1ccccc1)[C@@H]1NC(=O)CNC(=O)[C@H](CO)NC(=O)[C@@H]([C@@H](O)[C@@H]2CN=C(N)N2[C@H]2O[C@H](CO)[C@@H](O)[C@H](O)[C@@H]2O)NC(=O)[C@H]([C@H](O)[C@@H]2CN=C(N)N2)NC(=O)[C@@H](Cc2ccc3nc(-c4cccc(C(C)(C)C)c4)oc3c2)NC1=O,CTBDONOIPCFUAR-FLGMMNNFSA-N
C[C@@H](c1ccccc1)[C@@H]1NC(=O)CNC(=O)[C@H](CO)NC(=O)[C@@H]([C@@H](O)[C@@H]2CN=C(N)N2[C@H]2O[C@H](CO)[C@@H](O)[C@H](O)[C@@H]2O)NC(=O)[C@H]([C@H](O)[C@@H]2CN=C(N)N2)NC(=O)[C@@H](Cc2ccc3nc(SCc4ccccc4)oc3c2)NC1=O,YZOBPHJUADVPCY-NKCQOUMNSA-N
CCCCCCCCCCNCc1c(O)cc2c(c1O)-c1cc(ccc1O)C1NC(=O)C3NC(=O)C4NC(=O)C(Cc5ccc(c(Cl)c5)Oc5cc3cc(c5O)Oc3ccc(cc3Cl)C(O)C(NC1=O)C(=O)N[C@H]2C(=O)NCCCN(C)C)NC(=O)C(N)c1ccc(O)c(c1)Oc1cc(O)cc4c1,UJFAZUKFJWGTHA-BPDCHCOKSA-N
NC1C(=O)NC2Cc3ccc(c(Cl)c3)Oc3cc4cc(c3O)Oc3ccc(cc3Cl)C(O)C(C(=O)O)NC(=O)C(c3ccc(O)c(-c5c(O)cc(O)cc5[C@@H](N)C(=O)O)c3)NC(=O)C4NC(=O)C(NC2=O)c2cc(O)cc(c2)Oc2cc1ccc2O,CJJWCJKJZRLQSN-GBOZSQCKSA-N
C[C@@H](c1ccccc1)[C@@H]1NC(=O)CNC(=O)[C@H](CO)NC(=O)[C@@H]([C@@H](O)[C@@H]2CN=C(N)N2[C@H]2O[C@H](CO)[C@@H](O)[C@H](O)[C@@H]2O)NC(=O)[C@H]([C@H](O)[C@@H]2CN=C(N)N2)NC(=O)[C@@H](Cc2ccc3nc(C=C(c4ccccc4)c4ccccc4)oc3c2)NC1=O,FTTHYNCZMOOTAC-ZOZYJAGTSA-N
O=C1NC2C(=O)NC3C(=O)NC4C(=O)NC(C(=O)N[C@@H](C(=O)O)c5cc(O)cc(O)c5-c5cc4ccc5O)C(O)c4ccc(c(Cl)c4)Oc4cc3cc(c4O)Oc3ccc(cc3Cl)CC1NC(=O)C(NC(=O)C13CC4CC(CC(C4)C1)C3)c1ccc(O)c(c1)Oc1cc(O)cc2c1,YJALLMQOGVZGJD-XVSQXMFMSA-N
C[C@@H](c1ccccc1)[C@@H]1NC(=O)CNC(=O)[C@H](CO)NC(=O)[C@@H]([C@@H](O)[C@@H]2CN=C(N)N2[C@H]2O[C@H](CO)[C@@H](O)[C@H](O)[C@@H]2O)NC(=O)[C@H]([C@H](O)[C@@H]2CN=C(N)N2)NC(=O)[C@@H](Cc2ccc3nc(-c4ccc5c(c4)-c4ccccc4C5)oc3c2)NC1=O,PEJLCJCBHPAWPO-BJFXDICMSA-N
O=C1NC2C(=O)NC3C(=O)NC4C(=O)NC(C(=O)N[C@@H](C(=O)O)c5cc(O)cc(O)c5-c5cc4ccc5O)C(O)c4ccc(c(Cl)c4)Oc4cc3cc(c4O)Oc3ccc(cc3Cl)CC1NC(=O)C(/N=C(\S)Nc1ccccc1)c1ccc(O)c(c1)Oc1cc(O)cc2c1,ILPLADCWRQPQSL-DNPWDKSZSA-N
CNC(=O)C[C@@H]1NC(=O)c2csc(n2)-c2ccc(-c3nc(COC(=O)NCCCC(=O)O)cs3)nc2-c2csc(n2)-c2csc(n2)C(C(O)c2ccccc2)NC(=O)CNC(=O)c2nc(sc2COC)[C@H](C(C)C)NC(=O)c2nc1sc2C,CPXWBASULFWLKU-BWQAWUQISA-N
CC[C@H]1OC(=O)[C@H](C)[C@@H](O[C@H]2C[C@@](C)(OC)[C@@](O)(c3cccnc3)[C@H](C)O2)[C@H](C)[C@@H](O[C@@H]2O[C@H](C)C[C@H](N(C)C)[C@H]2O)[C@](C)(O)C[C@@H](C)CN[C@H](C)[C@@H](O)[C@]1(C)O,QWRVBWRZZQITQQ-ZIMYWQGISA-N
NC1C(=O)NC2Cc3ccc(c(Cl)c3)Oc3cc4cc(c3O)Oc3ccc(cc3Cl)C(O)C3NC(=O)C(NC(=O)C4NC(=O)C(NC2=O)c2cc(O)cc(c2)Oc2cc1ccc2O)c1ccc(O)c(c1)-c1c(O)cc(O)cc1[C@H](C(=O)O)NC3=O,DKVBOUDTNWVDEP-YIESXSDESA-N
CCCCc1ccc(CNCc2c(O)cc3c(c2O)-c2cc(ccc2O)C2NC(=O)C4NC(=O)C5NC(=O)C(Cc6ccc(c(Cl)c6)Oc6cc4cc(c6O)Oc4ccc(cc4Cl)C(O)C(NC2=O)C(=O)N[C@H]3C(=O)O)NC(=O)C(NC(=O)OC(C)(C)C)c2ccc(O)c(c2)Oc2cc(O)cc5c2)cc1,OLVKJGATBDZWNW-KUWBIQEBSA-N
CCCCCCCCCCNC(=O)[C@@H]1NC(=O)C2NC(=O)C(NC(=O)C3NC(=O)C4NC(=O)C(Cc5ccc(c(Cl)c5)Oc5cc3cc(c5O)Oc3ccc(cc3Cl)C2O)NC(=O)C(N)c2ccc(O)c(c2)Oc2cc(O)cc4c2)c2ccc(O)c(c2)-c2c(O)cc(O)cc21,MOELRSUHTQINPO-RRRIMLHASA-N
NC(=O)CC1NC(=O)C(N)C(O)c2ccc(c(Cl)c2)Oc2cc3cc(c2O)Oc2ccc(cc2)C(O)C2NC(=O)C(NC(=O)C3NC1=O)c1ccc(O)c(c1)-c1c(cc(O)c(CNC3C4CC5CC(C4)CC3C5)c1O)[C@H](C(=O)O)NC2=O,SMLNGGUTUWAOOE-FHMGEGGZSA-N
O=C(NC1C(=O)NC2Cc3ccc(c(Cl)c3)Oc3cc4cc(c3O)Oc3ccc(cc3Cl)C(O)C3NC(=O)C(NC(=O)C4NC(=O)C(NC2=O)c2cc(O)cc(c2)Oc2cc1ccc2O)c1ccc(O)c(c1)-c1c(O)cc(O)cc1[C@H](C(=O)O)NC3=O)OCC1c2ccccc2-c2ccccc21,FUTUPNWILRYOCM-KUWBIQEBSA-N
C[C@@H](c1ccccc1)[C@@H]1NC(=O)CNC(=O)[C@H](CO)NC(=O)[C@@H]([C@@H](O)[C@@H]2CN=C(N)N2[C@H]2O[C@H](CO)[C@@H](O)[C@H](O)[C@@H]2O)NC(=O)[C@H]([C@H](O)[C@@H]2CN=C(N)N2)NC(=O)[C@@H](Cc2ccc3nc(-c4ccc(Br)cc4)oc3c2)NC1=O,PJQWDWHZHHVFNC-LVVLPQIWSA-N
Cc1ncc([N+](=O)[O-])n1CCCOC(c1ccccc1)c1ccccc1,ROBWCVHNVOMQMS-UHFFFAOYSA-N
C[C@@H](c1ccccc1)[C@@H]1NC(=O)CNC(=O)[C@H](CO)NC(=O)[C@@H]([C@@H](O)[C@@H]2CN=C(N)N2[C@H]2O[C@H](CO)[C@@H](O)[C@H](O)[C@@H]2O)NC(=O)[C@H]([C@H](O)[C@@H]2CN=C(N)N2)NC(=O)[C@@H](Cc2ccc3nc(SCC(=O)c4ccccc4)oc3c2)NC1=O,TWIUAEQVLKLTLR-PIVGFDSJSA-N
C[C@@H](c1ccccc1)[C@@H]1NC(=O)CNC(=O)[C@H](CO)NC(=O)[C@@H]([C@@H](O)[C@@H]2CN=C(N)N2[C@H]2O[C@H](CO)[C@@H](O)[C@H](O)[C@@H]2O)NC(=O)[C@H]([C@H](O)[C@@H]2CN=C(N)N2)NC(=O)[C@@H](Cc2ccc3nc(-c4ccc(N(C)C)cc4)oc3c2)NC1=O,HHKNUDGMOUMHMK-CGHHKMEASA-N
NC1C(=O)NC2Cc3ccc(c(Cl)c3)Oc3cc4cc(c3O)Oc3ccc(cc3Cl)C(O)C3NC(=O)C(NC(=O)C4NC(=O)C(NC2=O)c2cc(O)cc(c2)Oc2cc1ccc2O)c1ccc(O)c(c1)-c1c(cc(O)c(CNC2C4CC5CC(C4)CC2C5)c1O)[C@H](C(=O)O)NC3=O,RCIWFJICDRFFIW-FEBAPDSTSA-N
C[C@@H](c1ccccc1)[C@@H]1NC(=O)CNC(=O)[C@H](CO)NC(=O)[C@@H]([C@@H](O)[C@@H]2CN=C(N)N2[C@H]2O[C@H](CO)[C@@H](O)[C@H](O)[C@@H]2O)NC(=O)[C@H]([C@H](O)[C@@H]2CN=C(N)N2)NC(=O)[C@@H](Cc2ccc3nc(-c4ccc(-c5ccccc5)cc4)oc3c2)NC1=O,ZFJMRVGXWCJCRH-BAPSXEBOSA-N
CCCCc1ccc(CNCc2c(O)cc3c(c2O)-c2cc(ccc2O)C2NC(=O)C4NC(=O)C5NC(=O)C(Cc6ccc(c(Cl)c6)Oc6cc4cc(c6O)Oc4ccc(cc4Cl)C(O)C(NC2=O)C(=O)N[C@H]3C(=O)NC)NC(=O)C(N)c2ccc(O)c(c2)Oc2cc(O)cc5c2)cc1,LGBQFVMEHKBSOU-PWURILFNSA-N
CNC(=O)[C@@H]1NC(=O)C2NC(=O)C(NC(=O)C3NC(=O)C4NC(=O)C(Cc5ccc(c(Cl)c5)Oc5cc3cc(c5O)Oc3ccc(cc3Cl)C2O)NC(=O)C(N)c2ccc(O)c(c2)Oc2cc(O)cc4c2)c2ccc(O)c(c2)-c2c(O)cc(O)cc21,QCVXFERYANOESA-LHQZJZQXSA-N
C[C@@H](c1ccccc1)[C@@H]1NC(=O)CNC(=O)[C@H](CO)NC(=O)[C@@H]([C@@H](O)[C@@H]2CN=C(N)N2[C@H]2O[C@H](CO)[C@@H](O)[C@H](O)[C@@H]2O)NC(=O)[C@H]([C@H](O)[C@@H]2CN=C(N)N2)NC(=O)[C@@H](Cc2ccc(O)cc2)NC1=O,YBILMIDCJFLBHS-MVXAWGMXSA-N
CNC(=O)[C@@H]1NC(=O)C2NC(=O)C(NC(=O)C3NC(=O)C(CC(N)=O)NC(=O)C(NC(=O)C(CC(C)C)N(C)C(=O)OC(C)(C)C)C(O)c4ccc(c(Cl)c4)Oc4cc3cc(c4O)Oc3ccc(cc3)C2O)c2ccc(O)c(c2)-c2c1cc(O)c(CN1CCN(Cc3ccc(-c4ccccc4)cc3)CC1)c2O,OMYVTFGRMCTBPA-AMQMPGBUSA-N
Cc1ncc([N+](=O)[O-])n1CCOC(c1ccccc1)c1cc(Cl)cc(Cl)c1,GYPXWNCFOYKYOY-UHFFFAOYSA-N
CC[C@H]1OC(=O)[C@H](C)[C@@H](O[C@H]2C[C@@](C)(OC)[C@]3(CO3)[C@H](C)O2)[C@H](C)[C@@H](O[C@@H]2O[C@H](C)C[C@H](N(C)C)[C@H]2O)[C@](C)(O)C[C@@H](C)CN[C@H](C)[C@@H](O)[C@]1(C)O,MZLSJTXEHSQWSU-NTQLNWHZSA-N
NCCCCCCCCCCNC(=O)[C@@H]1NC(=O)C2NC(=O)C(NC(=O)C3NC(=O)C4NC(=O)C(Cc5ccc(c(Cl)c5)Oc5cc3cc(c5O)Oc3ccc(cc3Cl)C2O)NC(=O)C(N)c2ccc(O)c(c2)Oc2cc(O)cc4c2)c2ccc(O)c(c2)-c2c(O)cc(O)cc21,YUABSEWYYSKGMO-RRRIMLHASA-N
CNC(=O)[C@@H]1NC(=O)C2NC(=O)C(NC(=O)C3NC(=O)C4NC(=O)C(Cc5ccc(c(Cl)c5)Oc5cc3cc(c5O)Oc3ccc(cc3Cl)C2O)NC(=O)C(NC(=O)OC23CC5CC(CC(C5)C2)C3)c2ccc(O)c(c2)Oc2cc(O)cc4c2)c2ccc(O)c(c2)-c2c(O)cc(O)cc21,MXQGKDLLQYUDBQ-OWHLUXKQSA-N
CC#C[C@@]1(O)[C@H](C)O[C@@H](O[C@H]2[C@H](C)[C@@H](O[C@@H]3O[C@H](C)C[C@H](N(C)C)[C@H]3O)[C@](C)(O)C[C@@H](C)CN(C)[C@H](C)[C@@H](O)[C@](C)(O)[C@@H](CC)OC(=O)[C@@H]2C)C[C@@]1(C)OC,YUZFFWVNAHVOEY-GQOMQJQLSA-N
Cc1ncc([N+](=O)[O-])n1CCOC(c1ccccc1)c1ccc([N+](=O)[O-])cc1,LEKPJUMQUPRAEL-UHFFFAOYSA-N
CC[C@H]1OC(=O)[C@H](C)[C@@H](O[C@H]2C[C@@](C)(OC)[C@@](O)(c3cccs3)[C@H](C)O2)[C@H](C)[C@@H](O[C@@H]2O[C@H](C)C[C@H](N(C)C)[C@H]2O)[C@](C)(O)C[C@@H](C)CN[C@H](C)[C@@H](O)[C@]1(C)O,FNNWFFHHFZXVQP-RQTSPDPLSA-N
CCCCCCCCCCCCCCCCCCNCc1c(O)cc2c(c1O)-c1cc(ccc1O)C1NC(=O)C3NC(=O)C4NC(=O)C(Cc5ccc(c(Cl)c5)Oc5cc3cc(c5O)Oc3ccc(cc3Cl)C(O)C(NC1=O)C(=O)N[C@H]2C(=O)NC)NC(=O)C(N)c1ccc(O)c(c1)Oc1cc(O)cc4c1,MLVMRJACQNGIAW-VXOFWGACSA-N
NC1C(=O)NC2Cc3ccc(c(Cl)c3)Oc3cc4cc(c3O)Oc3ccc(cc3Cl)C(O)C3NC(=O)C(NC(=O)C4NC(=O)C(NC2=O)c2cc(O)cc(c2)Oc2cc1ccc2O)c1ccc(O)c(c1)-c1c(cc(O)c(CNC2C4CC5CC(C4)CC2C5)c1O)[C@H](C(=O)NC1C2CC4CC(C2)CC1C4)NC3=O,RLNDZHMOUPZKJG-VKUGRQJMSA-N
C[C@@H](c1ccccc1)[C@@H]1NC(=O)CNC(=O)[C@H](CO)NC(=O)[C@@H]([C@@H](O)[C@@H]2CN=C(N)N2[C@H]2O[C@H](CO)[C@@H](O)[C@H](O)[C@@H]2O)NC(=O)[C@H]([C@H](O)[C@@H]2CN=C(N)N2)NC(=O)[C@@H](Cc2ccc3nc(-c4ccc(OCc5ccccc5)cc4)oc3c2)NC1=O,HRSUAIMABSPASI-XYKVQGINSA-N
NC1C(=O)NC2Cc3ccc(c(Cl)c3)Oc3cc4cc(c3O)Oc3ccc(cc3Cl)C(O)C3NC(=O)C(NC(=O)C4NC(=O)C(NC2=O)c2cc(O)cc(c2)Oc2cc1ccc2O)c1ccc(O)c(c1)-c1c(O)cc(O)cc1[C@H](C(=O)NC1C2CC4CC(C2)CC1C4)NC3=O,VQQKQMFJTKKOMN-FEBAPDSTSA-N
CC(C)=Cc1nc2ccc(C[C@H]3NC(=O)[C@H]([C@@H](C)c4ccccc4)NC(=O)CNC(=O)[C@H](CO)NC(=O)[C@@H]([C@@H](O)[C@@H]4CN=C(N)N4[C@H]4O[C@H](CO)[C@@H](O)[C@H](O)[C@@H]4O)NC(=O)[C@H]([C@H](O)[C@@H]4CN=C(N)N4)NC3=O)cc2o1,RXDQYQYBYKEMBQ-BADMUUIESA-N
COC(=O)[C@@H]1NC(=O)C2NC(=O)C(NC(=O)C(N)c3cc(Oc4ccc(CC(NC(=O)OCc5ccccc5)C(=O)O)cc4Cl)c(O)c(c3)Oc3ccc(cc3Cl)C2O)c2ccc(O)c(c2)-c2c1cc(O)c(CNC1C3CC4CC(C3)CC1C4)c2O,HUKRBPROWSJEFG-NDZSBMJCSA-N
CNC(=O)C[C@@H]1NC(=O)c2csc(n2)-c2ccc(-c3nc(C4=N[C@H](C(=O)N5CCC[C@H]5C(N)=O)CO4)cs3)nc2-c2csc(n2)-c2csc(n2)C(C(O)c2ccccc2)NC(=O)CNC(=O)c2nc(sc2COC)[C@H](C(C)C)NC(=O)c2nc1sc2C,JMDULECOHIXMNX-QWZLPWOZSA-N
C[C@@H](c1ccccc1)[C@@H]1NC(=O)CNC(=O)[C@H](CO)NC(=O)[C@@H]([C@@H](O)[C@@H]2CN=C(N)N2[C@H]2O[C@H](CO)[C@@H](O)[C@H](O)[C@@H]2O)NC(=O)[C@H]([C@H](O)[C@@H]2CN=C(N)N2)NC(=O)[C@@H](Cc2ccc3nc(-c4ccc(C(=O)O)cc4)oc3c2)NC1=O,UZVDDRFCHCXSDS-LVVLPQIWSA-N
CCCCCCCCCCCCCCCCCCNCc1c(O)cc2c(c1O)-c1cc(ccc1O)C1NC(=O)C3NC(=O)C4NC(=O)C(Cc5ccc(c(Cl)c5)Oc5cc3cc(c5O)Oc3ccc(cc3Cl)C(O)C(NC1=O)C(=O)N[C@H]2C(=O)O)NC(=O)C(N)c1ccc(O)c(c1)Oc1cc(O)cc4c1,LRCLYHPNFXIUCC-WBALHGOOSA-N
CCCCc1ccc(CNCc2c(O)cc3c(c2O)-c2cc(ccc2O)C2NC(=O)C4NC(=O)C5NC(=O)C(Cc6ccc(c(Cl)c6)Oc6cc4cc(c6O)Oc4ccc(cc4Cl)C(O)C(NC2=O)C(=O)N[C@H]3C(=O)NC)NC(=O)C(NC(=O)OC(C)(C)C)c2ccc(O)c(c2)Oc2cc(O)cc5c2)cc1,KCQICHSTQWOVND-BPDCHCOKSA-N
CC[C@H]1OC(=O)[C@H](C)[C@@H](O[C@H]2C[C@@](C)(OC)[C@@](O)(CCCOC)[C@H](C)O2)[C@H](C)[C@@H](O[C@@H]2O[C@H](C)C[C@H](N(C)C)[C@H]2O)[C@](C)(O)C[C@@H](C)CN[C@H](C)[C@@H](O)[C@]1(C)O,BHNUBZZBRFUVHZ-GQOMQJQLSA-N
COC(=O)[C@@H]1NC(=O)C2NC(=O)C(NC(=O)C(NC(=O)OC(C)(C)C)c3cc(Oc4ccc(CC(NC(=O)OCc5ccccc5)C(=O)O)cc4Cl)c(O)c(c3)Oc3ccc(cc3Cl)C2O)c2ccc(O)c(c2)-c2c(O)cc(O)cc21,SGAOEMISANIUHU-UXKAZSEKSA-N
CC[C@H]1OC(=O)[C@H](C)[C@@H](O[C@H]2C[C@@](C)(OC)[C@](C)(O)[C@H](C)O2)[C@H](C)[C@@H](O[C@@H]2O[C@H](C)C[C@H](N(C)C)[C@H]2O)[C@](C)(O)C[C@@H](C)CN[C@H](C)[C@@H](O)[C@]1(C)O,XMSVDPARMMQTDM-BVJRFPLSSA-N
CC[C@H]1OC(=O)[C@H](C)[C@@H](O[C@H]2C[C@@](C)(OC)[C@@]3(CO3)[C@H](C)O2)[C@H](C)[C@@H](O[C@@H]2O[C@H](C)C[C@H](N(C)C)[C@H]2O)[C@](C)(O)C[C@@H](C)CN[C@H](C)[C@@H](O)[C@]1(C)O,MZLSJTXEHSQWSU-BVJRFPLSSA-N
CC[C@H]1OC(=O)[C@H](C)[C@@H](O[C@H]2C[C@@](C)(OC)[C@@](O)(CSC)[C@H](C)O2)[C@H](C)[C@@H](O[C@@H]2O[C@H](C)C[C@H](N(C)C)[C@H]2O)[C@](C)(O)C[C@@H](C)CN[C@H](C)[C@@H](O)[C@]1(C)O,WRIDKEBEFSFSIJ-VSYZXMJYSA-N
CC[C@H]1OC(=O)[C@H](C)[C@@H](O[C@H]2C[C@@](C)(OC)[C@](C)(O)[C@H](C)O2)[C@H](C)[C@@H](O[C@@H]2O[C@H](C)C[C@H](N(C)C)[C@H]2O)[C@](C)(O)C[C@@H](C)CN(C)[C@H](C)[C@@H](O)[C@]1(C)O,WVPGOQNCPPEMMK-VSYZXMJYSA-N
C[C@@H](O)[C@H](NC(=O)c1ccc(C#Cc2ccc(CN3CCOCC3)cc2)cc1)C(=O)NO,FQYBTYFKOHPWQT-VGSWGCGISA-N
O=C(N[C@H](CO)[C@H](O)c1ccc([N+](=O)[O-])cc1)C(Cl)Cl,WIIZWVCIJKGZOK-RKDXNWHRSA-N
N=C(NCCCCCCNC(=N)NC(=N)Nc1ccc(Cl)cc1)NC(=N)Nc1ccc(Cl)cc1,GHXZTYHSJHQHIJ-UHFFFAOYSA-N
CCCCCCCC(=O)N[C@@H](CCN)C(=O)N[C@H](C(=O)N[C@@H](CCN)C(=O)N[C@H]1CCNC(=O)[C@H]([C@@H](C)O)NC(=O)[C@H](CCNC(=O)CCl)NC(=O)[C@H](CCN)NC(=O)[C@H](CC(C)C)NC(=O)[C@@H](Cc2ccccc2)NC(=O)[C@H](CCN)NC1=O)[C@@H](C)O,CXQPYVRIDFHHEY-BMDFICIHSA-N
Oc1c(Cl)cc(Cl)c2cccnc12,WDFKMLRRRCGAKS-UHFFFAOYSA-N
Cc1cc(O)cc(C)c1Cl,OSDLLIBGSJNGJE-UHFFFAOYSA-N
CN(C)[C@@H]1C(=O)C(C(N)=O)C(=O)[C@@]2(O)C(=O)C3C(=O)c4c(O)ccc(Cl)c4[C@@](C)(O)[C@H]3C[C@@H]12,RNPLSXLZRGPQCU-WYOUFOJNSA-N
CC1(C)C[C@@H]1C(=O)NC(=CCCCCSC[C@H](N)C(=O)O)C(=O)O,DHSUYTOATWAVLW-MNOVXSKESA-N
CCn1nc(C(=O)O)c(=O)c2cc3c(cc21)OCO3,VDUWPHTZYNWKRN-UHFFFAOYSA-N
O=C(O)c1cn(C2CC2)c2cc(N3CCNCC3)c(F)cc2c1=O,MYSWGUAQZAJSOK-UHFFFAOYSA-N
CC[C@H]1OC(=O)[C@H](C)[C@@H](O[C@H]2C[C@@](C)(OC)[C@@H](O)[C@H](C)O2)[C@H](C)[C@@H](O[C@@H]2O[C@H](C)C[C@H](N(C)C)[C@H]2O)[C@](C)(OC)C[C@@H](C)C(=O)[C@H](C)[C@@H](O)[C@]1(C)O,AGOYDEPGAOXOCK-KCBOHYOISA-N
O=C(O)[C@H]1C(=CCO)O[C@@H]2CC(=O)N12,HZZVJAQRINQKSD-RNFRBKRXSA-N
NC1CCN(c2c(F)cc3c(=O)c(C(=O)O)cn(C4CC4)c3c2Cl)C1,QGPKADBNRMWEQR-UHFFFAOYSA-N
CCC[C@@H]1C[C@@H](C(=O)N[C@@H](C2O[C@H](SC)[C@H](O)[C@@H](O)[C@H]2O)[C@H](C)Cl)N(C)C1,KDLRVYVGXIQJDK-SSDYFQDUSA-N
CCCCCCCCCCCCCCCC(=O)O[C@@H]1[C@@H](O)[C@@H](O)C([C@H](NC(=O)[C@@H]2C[C@@H](CCC)CN2C)[C@H](C)Cl)O[C@@H]1SC,OYSKUZDIHNKWLV-AFAWXZCISA-N
CCC[C@@H]1C[C@@H](C(=O)N[C@@H]([C@H]2O[C@H](SC)[C@H](OP(=O)(O)O)[C@@H](O)[C@H]2O)[C@H](C)Cl)N(C)C1,UFUVLHLTWXBHGZ-MGZQPHGTSA-N
CC(C)/N=c1\cc2n(-c3ccc(Cl)cc3)c3ccccc3nc-2cc1Nc1ccc(Cl)cc1,WDQPAMHFFCXSNU-BGABXYSRSA-N
CC(C)(C)CC(C)(C)c1ccc(O)c(Cc2ccc(Cl)cc2Cl)c1,HQVZOORKDNCGCK-UHFFFAOYSA-N
COC(C(=O)N[C@@H]1C(=O)N2[C@@H]1SC(C)(C)[C@@H]2C(=O)O)c1ccc(Cl)c(Cl)c1,JKXQBIZCQJLVOS-GSNLGQFWSA-N
CN(C)[C@@H]1C(=O)C(C(=O)NCO)C(=O)[C@@]2(O)C(=O)C3C(=O)c4c(O)ccc(Cl)c4[C@@](C)(O)[C@H]3C[C@@H]12,MUESVNGNTIDASG-DOHCOTLASA-N
Cc1onc(-c2ccccc2Cl)c1C(=O)N[C@@H]1C(=O)N2[C@@H]1SC(C)(C)[C@@H]2C(=O)O,LQOLIRLGBULYKD-JKIFEVAISA-N
OC[C@H]1O[C@@H](n2cnc3c2N=CNC[C@H]3O)[C@H](O)[C@@H]1O,YOOVTUPUBVHMPG-LODYRLCVSA-N
CCC(C)CCCCC(=O)N[C@@H](CCN)C(=O)N[C@@H](CN[C@@H](CCN)C(=O)N[C@H]1CCNC(=O)[C@H]([C@@H](C)O)NC(=O)[C@H](CCN)NC(=O)[C@H](CCN)NC(=O)[C@H](CC(C)C)NC(=O)[C@@H](CC(C)C)NC(=O)[C@H](CCN)NC1=O)[C@@H](C)O,ZAVVEJFNDKHVPT-JPOBDFTKSA-N
O=C1C=CN(c2c(F)cc(N3C[C@H](CNc4ccon4)OC3=O)c(F)c2F)CC1,SULYVXZZUMRQAX-NSHDSACASA-N
CC(=O)OP(=O)(O)N(C[C@H]1CN(c2cc(F)c(N3C=CC(=O)CC3)c(F)c2F)C(=O)O1)c1ccon1,YCRAGJLWFBGKFE-CYBMUJFWSA-N
CC1(C)S[C@@H]2[C@H](NC(=O)C3(N)CCCCC3)C(=O)N2[C@H]1C(=O)O,HGBLNBBNRORJKI-WCABBAIRSA-N
CCN(CC)CCS(=O)(=O)[C@@H]1CCN2C(=O)c3coc(n3)CC(=O)C[C@H](O)C=C(C)C=CCNC(=O)C=C[C@@H](C)[C@@H](C(C)C)OC(=O)[C@@H]12,SUYRLXYYZQTJHF-OQOKHMTHSA-N
CN1C[C@@H]2C[C@H]1CN2c1cc2c(cc1F)c(=O)c(C(=O)O)cn2C1CC1,QMLVECGLEOSESV-RYUDHWBXSA-N
Nc1ccc(S(=O)(=O)c2ccc(N)cc2)cc1,MQJKPEGWNLWLTK-UHFFFAOYSA-N
N[C@@H]1CONC1=O,DYDCUQKUCUHJBH-UWTATZPHSA-N
Nc1nc(-n2cc(C(=O)O)c(=O)c3cc(F)c(N4CC(O)C4)c(Cl)c32)c(F)cc1F,DYDCPNMLZGFQTM-UHFFFAOYSA-N
CN1CCN(c2ccc(N3C[C@H](CO)OC3=O)cc2F)C=N1,QLUWQAFDTNAYPN-LLVKDONJSA-N
C/C=C\C=C\[C@@H]1O[C@](O)([C@H](CC)C(=O)NC/C=C/C=C(\C)[C@@H](OC)[C@H](C)[C@@H]2O[C@H](/C=C/C=C/C=C(\C)C(=O)c3c(O)cc[nH]c3=O)[C@H](O)[C@@H]2O)[C@H](O)[C@H](O)C1(C)C,HMSYAPGFKGSXAJ-UIMKWNSLSA-N
CN(C)[C@@H]1C(=O)C(C(N)=O)C(=O)[C@@]2(O)C(=O)C3C(=O)c4c(O)ccc(Cl)c4[C@@H](O)[C@H]3C[C@@H]12,JHOHXJYRVSLQCB-AMESULRKSA-N
CN(C)[C@@H]1C(=O)C(C(N)=O)C(=O)[C@@]2(O)C(=O)C3C(=O)c4c(O)cccc4[C@@H](O)[C@H]3C[C@@H]12,JNACHIAXOMFYLS-XFEOAGQUSA-N
Cc1cc(N)c2ccccc2[n+]1CCCCCCCCCC[n+]1c(C)cc(N)c2ccccc21,PCSWXVJAIHCTMO-UHFFFAOYSA-P
CC(C)=CCC/C(C)=C/CC/C(C)=C/CN1C(=O)c2cccc(O)c2Nc2c(O)cc(O)cc21,SALVHVNECODMJP-GNUCVDFRSA-N
NC[C@@H]1CC[C@@H](N)[C@@H](O[C@H]2[C@H](O)[C@@H](O[C@H]3O[C@H](CO)[C@@H](O)[C@H](N)[C@H]3O)[C@H](N)C[C@@H]2N)O1,JJCQSGDBDPYCEO-XVZSLQNASA-N
CCCCCCCC(=O)N[C@@H](CCN)C(=O)N[C@H](C(=O)N[C@@H](CCN)C(=O)N[C@H]1CCNC(=O)[C@H]([C@@H](C)O)NC(=O)[C@H](CCNC(=O)C(Cl)Cl)NC(=O)[C@H](CCN)NC(=O)[C@H](CC(C)C)NC(=O)[C@@H](Cc2ccccc2)NC(=O)[C@H](CCN)NC1=O)[C@@H](C)O,YNHXDUZNKIBQEU-RUDZPDEXSA-N
Cc1onc(-c2c(Cl)cccc2Cl)c1C(=O)N[C@@H]1C(=O)N2[C@@H]1SC(C)(C)[C@@H]2C(=O)O,YFAGHNZHGGCZAX-JKIFEVAISA-N
CCCCCCCCCC[N+](C)(C)CCCCCCCCCC,JGFDZZLUDWMUQH-UHFFFAOYSA-N
N#CC(CCN1CCC(C(=O)O)(c2ccccc2)CC1)(c1ccccc1)c1ccccc1,UFIVBRCCIRTJTN-UHFFFAOYSA-N
CN1CCN(c2cc3c(cc2F)c(=O)c(C(=O)O)cn3-c2ccc(F)cc2)CC1,NOCJXYPHIIZEHN-UHFFFAOYSA-N
N=C(N)NN=C(/C=C/c1ccc([N+](=O)[O-])o1)/C=C/c1ccc([N+](=O)[O-])o1,XQCFHQBGMWUEMY-ZPUQHVIOSA-N
CCCCCCCC(=O)N[C@@H](CCN)C(=O)N[C@H](C(=O)N[C@@H](CCN)C(=O)N[C@H]1CCNC(=O)[C@H]([C@@H](C)O)NC(=O)[C@H](CCNC(C)C)NC(=O)[C@H](CCN)NC(=O)[C@H](CC(C)C)NC(=O)[C@@H](Cc2ccccc2)NC(=O)[C@H](CCN)NC1=O)[C@@H](C)O,HYUUOOPPPCEVHJ-POAYORTASA-N
CO[C@H]1/C=C/O[C@@]2(C)Oc3c(C)c(O)c4c(=O)c(c5oc6cc(N7CCC(N(C)C)CC7)cc(O)c6nc-5c4c3C2=O)NC(=O)/C(C)=C\C=C\[C@H](C)[C@H](O)[C@@H](C)[C@@H](O)[C@@H](C)[C@H](OC(C)=O)[C@@H]1C,BFIVOHQEVXPDPI-AWHPPKCISA-N
Cc1ncc([N+](=O)[O-])n1C,IBXPYPUJPLLOIN-UHFFFAOYSA-N
CCC(=O)O[C@H]1[C@H](C)O[C@@H](O[C@H]2[C@H](C)[C@@H](O[C@@H]3O[C@H](C)C[C@H](N(C)C)[C@H]3O)[C@@H](C)C[C@@]3(CO3)C(=O)[C@H](C)[C@@H](OC(=O)CC)[C@@H](C)[C@@H](C)OC(=O)[C@@H]2C)C[C@@H]1OC,HYQJLIGADHPYIR-OJBANTNJSA-N
CC[C@H]1OC(=O)[C@H](C)[C@H](O[C@H]2C[C@@](C)(OC)[C@@H](O)[C@H](C)O2)[C@H](C)[C@@H](O[C@@H]2O[C@H](C)C[C@H](N(C)C)[C@H]2O)[C@](C)(O)C[C@@H](C)[C@@H]2N[C@@H](COCCOC)O[C@H]([C@H]2C)[C@]1(C)O,WLOHNSSYAXHWNR-UVPJXPSTSA-N
Cn1cc(NC(=O)c2cc(NC(=O)c3cc(NC=O)cn3C)cn2C)cc1C(=O)NCCC(=N)N,UPBAOYRENQEPJO-UHFFFAOYSA-N
CCCCCCCCCCCC[N+](C)(C)CCOc1ccc(Cl)cc1,DIQMZVPLKDZWFT-UHFFFAOYSA-N
C[C@@H](O)[C@H]1C(=O)N2C(C(=O)O)=C(S[C@@H]3CN[C@H](CNS(N)(=O)=O)C3)[C@H](C)[C@H]12,AVAACINZEOAHHE-VFZPANTDSA-N
C[C@H]1c2cccc(O)c2C(=O)C2C(=O)[C@]3(O)C(=O)C(C(N)=O)C(=O)[C@@H](N(C)C)[C@@H]3[C@@H](O)[C@@H]21,VXVNYCRICCVPTD-MULYGRJNSA-N
CCn1cc(C(=O)O)c(=O)c2cc(F)c(N3CCNCC3)nc21,IDYZIJYBMGIQMJ-UHFFFAOYSA-N
CCN1CCN(c2cc3c(cc2F)c(=O)c(C(=O)O)cn3C2CC2)CC1,SPFYMRJSYKOXGV-UHFFFAOYSA-N
CC(=O)NC[C@H]1CN(c2ccc(N3CCN(C(=O)CO)CC3)c(F)c2)C(=O)O1,SIMWTRCFFSTNMG-AWEZNQCLSA-N
CC1(C)S[C@@H]2[C@H](NC(=O)[C@H](N)C3=CCC=CC3)C(=O)N2[C@H]1C(=O)O,RPBAFSBGYDKNRG-NJBDSQKTSA-N
CN(C)[C@H]1C(=O)C(C(N)=O)C(=O)[C@@]2(O)C(=O)C3C(=O)c4c(O)cccc4[C@@](C)(O)[C@H]3C[C@@H]12,MUHBBHLZPHKTTR-HKJHRRLJSA-N
CN(C)[C@@H]1C(=O)C(C(N)=O)C(=O)[C@@]2(O)C(=O)C3C(=O)c4c(O)c(NC(=O)CN5CCCC5)cc(F)c4C[C@H]3C[C@@H]12,LSZZJAUTRJAFCO-SDHJBBJMSA-N
C[C@@H](O)[C@H]1C(=O)N2C(C(=O)O)=C(S[C@@H]3CN[C@H](C(=O)Nc4cccc(C(=O)O)c4)C3)[C@H](C)[C@H]12,JUZNIMUFDBIJCM-ANEDZVCMSA-N
CCC(=O)O[C@H]1[C@H](O[C@@H]2[C@@H](C)[C@H](O[C@H]3C[C@@](C)(OC)[C@@H](O)[C@H](C)O3)[C@@H](C)C(=O)O[C@H](CC)[C@@](C)(O)[C@H](O)[C@@H](C)C(=O)[C@H](C)C[C@@]2(C)O)O[C@H](C)C[C@@H]1N(C)C,TYQXKHPOXXXCTP-CSLYCKPJSA-N
CC[C@H]1OC(=O)[C@H](C)[C@@H](O[C@H]2C[C@@](C)(OC)[C@@H](O)[C@H](C)O2)[C@H](C)[C@@H](O[C@@H]2O[C@H](C)C[C@H](N(C)C)[C@H]2O)[C@](C)(O)C[C@@H](C)C(=O)[C@H](C)[C@@H](O)[C@H]1C,IDRYSCOQVVUBIJ-PPGFLMPOSA-N
CCOC(=O)CCC(=O)O[C@H]1[C@H](O[C@@H]2[C@@H](C)[C@H](O[C@H]3C[C@@](C)(OC)[C@@H](O)[C@H](C)O3)[C@@H](C)C(=O)O[C@H](CC)[C@@](C)(O)[C@H](O)[C@@H](C)C(=O)[C@H](C)C[C@@]2(C)O)O[C@H](C)C[C@@H]1N(C)C,NSYZCCDSJNWWJL-YXOIYICCSA-N
CN(CCN(C)CNC(=O)C1C(=O)[C@@H](N(C)C)[C@@H]2C[C@H]3C(C(=O)c4c(O)cccc4[C@@]3(C)O)C(=O)[C@]2(O)C1=O)CNC(=O)C1C(=O)[C@@H](N(C)C)[C@@H]2C[C@H]3C(C(=O)c4c(O)cccc4[C@@]3(C)O)C(=O)[C@]2(O)C1=O,BPPZUAMOOAOKDT-ULLFCARJSA-N
CCOc1ccc2nc3cc(N)ccc3c(N)c2c1,CIKWKGFPFXJVGW-UHFFFAOYSA-N
CC[C@@H](CO)NCCN[C@@H](CC)CO,AEUTYOVWOVBAKS-UWVGGRQHSA-N
CCc1cc(C(N)=S)ccn1,AEOCXXJPGCBFJA-UHFFFAOYSA-N
C=CCc1ccc(O)c(OC)c1,RRAFCDWBNXTKKO-UHFFFAOYSA-N
C[C@@H](O)[C@H]1C(=O)N2C(C(=O)O)=C([C@H]3CCCO3)S[C@H]12,HGGAKXAHAYOLDJ-FHZUQPTBSA-N
Cc1oc(=O)oc1COC(=O)C1=C([C@H]2CCCO2)S[C@@H]2[C@@H]([C@@H](C)O)C(=O)N12,JQBKWZPHJOEQAO-DVPVEWDBSA-N
CSc1ccc(OCc2ncc([N+](=O)[O-])n2C)cc1,MIWWSGDADVMLTG-UHFFFAOYSA-N
CCc1c(Cl)c(O)c(Cl)c(O)c1C(=O)O[C@H]1[C@H](O)[C@H](OC)[C@H](OCC2=CC=CC[C@H](O)C(C)=C[C@H](CC)[C@@H](O[C@@H]3OC(C)(C)[C@@H](OC(=O)C(C)C)[C@H](O)[C@@H]3O)C(C)=CC(C)=CC[C@@H]([C@@H](C)O)OC2=O)O[C@@H]1C,ZVGNESXIJDCBKN-WUIGKKEISA-N
N#Cc1c(N2C[C@@H]3NCCO[C@H]3C2)c(F)cc2c(=O)c(C(=O)O)cn(C3CC3)c12,FYMHQCNFKNMJAV-HOTGVXAUSA-N
CN1CCN(c2c(F)cc3c(=O)c(C(=O)O)cn(CCF)c3c2F)CC1,XBJBPGROQZJDOJ-UHFFFAOYSA-N
CO[C@@]1(NC(=O)CSC(F)F)C(=O)N2C(C(=O)O)=C(CSc3nnnn3CCO)CO[C@@H]21,UHRBTBZOWWGKMK-DOMZBBRYSA-N
CS(=O)(=O)c1ccc([C@@H](O)[C@@H](CF)NC(=O)C(Cl)Cl)cc1,AYIRNRDRBQJXIF-NXEZZACHSA-N
Cc1onc(-c2c(F)cccc2Cl)c1C(=O)N[C@@H]1C(=O)N2[C@@H]1SC(C)(C)[C@@H]2C(=O)O,UIOFUWFRIANQPC-JKIFEVAISA-N
CC[C@H]1OC(=O)[C@H](C)[C@@H](O[C@H]2C[C@@](C)(OC)[C@@H](O)[C@H](C)O2)[C@H](C)[C@@H](O[C@@H]2O[C@H](C)C[C@H](N(C)C)[C@H]2O)[C@](C)(O)C[C@](C)(F)C(=O)[C@H](C)[C@@H](O)[C@]1(C)O,XOEUHCONYHZURQ-HNUBZJOYSA-N
C[C@@H]1O[C@@H]1P(=O)(O)O,YMDXZJFXQJVXBF-STHAYSLISA-N
O=CN(O)CCCP(=O)(O)O,GJXWDTUCERCKIX-UHFFFAOYSA-N
NC[C@@H]1O[C@H](O[C@H]2[C@@H](O)[C@H](O[C@@H]3[C@@H](O)[C@H](N)C[C@H](N)[C@H]3O[C@@H]3O[C@H](CN)[C@H](O)[C@@H](O)[C@H]3N)O[C@@H]2CO)[C@H](N)[C@@H](O)[C@@H]1O,PGBHMTALBVVCIT-JMABJWDWSA-N
CC(C)C1OC(=O)[C@H](C(C)C)N(C)C(=O)C(C(C)C)OC(=O)[C@H](C(C)C)N(C)C(=O)C(C(C)C)OC(=O)[C@H](C(C)C)N(C)C1=O,MIZMDSVSLSIMSC-OGLSAIDSSA-N
CC(=O)O[C@H]1C[C@@]2(C)[C@@H](C[C@@H](O)[C@H]3[C@@]4(C)CC[C@@H](O)[C@@H](C)[C@@H]4CC[C@@]32C)C1=C(CCC=C(C)C)C(=O)O,IECPWNUMDGFDKC-WGFOVTNPSA-N
CCCN1C[C@H](C)[C@@H](O)[C@](C)(O)[C@@H](CC)OC(=O)[C@H](C)[C@@H](O[C@H]2C[C@@](C)(OC)[C@@H](O)[C@H](C)O2)[C@H](C)[C@@H](O[C@@H]2O[C@H](C)C[C@H](N(C)C)[C@H]2O)[C@](C)(O)C[C@H]1C,VWAMTBXLZPEDQO-UZSBJOJWSA-N
CCCCCCCC(=O)N[C@@H](CCN)C(=O)N[C@H](C(=O)N[C@@H](CCN)C(=O)N[C@H]1CCNC(=O)[C@H]([C@@H](C)O)NC(=O)[C@H](CCNC(=O)CNCCCCNC(=O)OCc2ccccc2)NC(=O)[C@H](CCN)NC(=O)[C@H](CC(C)C)NC(=O)[C@@H](Cc2ccccc2)NC(=O)[C@H](CCN)NC1=O)[C@@H](C)O,ANGADYTZZJBMLL-OWAFBYBWSA-N
C[C@H]1NCc2cc(-c3ccc4c(=O)c(C(=O)O)cn(C5CC5)c4c3OC(F)F)ccc21,NJDRXTDGYFKORP-LLVKDONJSA-N
COc1c(N2CCNC(C)C2)c(F)cc2c(=O)c(C(=O)O)cn(C3CC3)c12,XUBOMFCQGDBHNK-UHFFFAOYSA-N
CON=C1CN(c2nc3c(cc2F)c(=O)c(C(=O)O)cn3C2CC2)CC1CN,ZRCVYEYHRGVLOC-UHFFFAOYSA-N
CNC(C)[C@@H]1CC[C@@H](N)[C@@H](OC2[C@@H](N)C[C@@H](N)[C@H](OC3OC[C@](C)(O)[C@H](NC)[C@H]3O)[C@H]2O)O1,CEAZRRDELHUEMR-VVSHQIECSA-N
CN[C@@H]1[C@@H](O)[C@@H](O[C@@H]2[C@@H](O)[C@H](O[C@H]3O[C@H](CN)[C@@H](O)[C@H](O)[C@H]3O)[C@@H](N)C[C@H]2N)OC[C@]1(C)O,RHRAMPXHWHSKQB-GGEUKFTFSA-N
O=c1ccc2ncc(=O)n3c2n1C[C@H]3CN1CCC(NCc2cc3c(cn2)OCCC3)CC1,PZFAZQUREQIODZ-LJQANCHMSA-N
CO/N=C(\C(=O)N[C@@H]1C(=O)N(OCC(=O)OCC(=O)OC(C)(C)C)[C@H]1C)c1csc(N)n1,QPWVHJDIDXILDG-SSUKDTCJSA-N
CC(C)C[C@@H]1NC(=O)[C@H](CCCN)NC(=O)[C@@H](C(C)C)NC(=O)[C@@H]2CCCN2C(=O)[C@@H](Cc2ccccc2)NC(=O)[C@H](CC(C)C)NC(=O)[C@H](CCCN)NC(=O)[C@H](C(C)C)NC(=O)[C@@H]2CCCN2C(=O)[C@@H](Cc2ccccc2)NC1=O,IUAYMJGZBVDSGL-UJPXLTDWSA-N
CC(C)C[C@@H]1NC(=O)[C@H](CCCN)NC(=O)[C@H](C(C)C)NC(=O)[C@@H]2CCCN2C(=O)[C@@H](Cc2ccccc2)NC(=O)[C@H](CC(C)C)NC(=O)[C@H](CCCN)NC(=O)[C@H](C(C)C)NC(=O)[C@@H]2CCCN2C(=O)[C@@H](Cc2ccccc2)NC1=O,IUAYMJGZBVDSGL-XNNAEKOYSA-N
Cc1c(F)c(N2CCNC(C)C2)cc2c1c(=O)c(C(=O)O)cn2C1CC1,AIJTTZAVMXIJGM-UHFFFAOYSA-N
CN(C)[C@@H]1C(=O)C(C(=O)NCN2CCN(C(=N)NC(=N)N)CC2)C(=O)[C@@]2(O)C(=O)C3C(=O)c4c(O)cccc4[C@@](C)(O)[C@H]3C[C@@H]12,ZVGXCCYQWNRJPL-XNQNOVFHSA-N
CC1(C)S[C@@H]2[C@H](N3C(=O)[C@@H](c4ccccc4)NC3(C)C)C(=O)N2[C@H]1C(=O)O,DXVUYOAEDJXBPY-NFFDBFGFSA-N
Oc1c(Cl)cc(Cl)c(Cl)c1Cc1c(O)c(Cl)cc(Cl)c1Cl,ACGUYXCXAPNIKK-UHFFFAOYSA-N
CCCCCC(=O)N[C@@H](CCN)C(=O)N[C@@H](C(=O)N[C@@H](CCN)C(=O)N[C@H]1CCNC(=O)[C@@H]([C@@H](C)O)NC(=O)[C@H](CCN)NC(=O)[C@H](CCN)NC(=O)[C@H](CC(C)C)NC(=O)[C@@H](Cc2ccccc2)NC(=O)[C@H](CCN)NC1=O)[C@@H](C)O,IBXMIMUNGWUQJT-AGDVUORESA-N
CCCCC(CC)CN1CN(CC(CC)CCCC)CC(C)(N)C1,DTOUUUZOYKYHEP-UHFFFAOYSA-N
CCCCCCc1ccc(O)cc1O,WFJIVOKAWHGMBH-UHFFFAOYSA-N
Nc1ccn([C@@H]2O[C@H]([C@H](O[C@@H]3O[C@H](CO)[C@@H](O)[C@H](N)[C@H]3O)[C@@H](O)[C@@H](O)[C@H](O)[C@H](O)CO)[C@@H](N)[C@H](O)[C@H]2O)c(=O)n1,VQQSDVBOXQHCHU-SKPOXZENSA-N
CCCCCCCC(=O)N[C@@H](CCN)C(=O)N[C@H](C(=O)N[C@@H](CCN)C(=O)N[C@H]1CCNC(=O)[C@H]([C@@H](C)O)NC(=O)[C@H](CCNC(=O)CO)NC(=O)[C@H](CCN)NC(=O)[C@H](CC(C)C)NC(=O)[C@@H](Cc2ccccc2)NC(=O)[C@H](CCN)NC1=O)[C@@H](C)O,DGLJNABWAXSHEZ-BMDFICIHSA-N
CC(=C\C(=O)O)/C=C(\C)C[C@H](C)CCCC[C@H]1OC(=O)[C@@H]1CO,ODCZJZWSXPVLAW-KXCGKLMDSA-N
COc1cc(Cc2cnc(N)nc2N)c2c(c1OC)OC(C1CC1)C=C2,HWJPWWYTGBZDEG-UHFFFAOYSA-N
CC[C@H]1OC(=O)[C@H](C)[C@@H](O[C@H]2C[C@@](C)(OC)[C@@H](O)[C@H](C)O2)[C@H](C)[C@@H](O[C@@H]2O[C@H](C)C[C@H](N(C)C(C)C)[C@H]2O)[C@@]2(C)CC(C)=C(O2)[C@H](C)[C@@H](O)[C@]1(C)O,FPBKIOZMKHHNLL-CBUZSSJJSA-N
C[C@@H](O)[C@H]1C(=O)N2C(C(=O)O)=C(SCCNC=N)C[C@H]12,ZSKVGTPCRGIANV-ZXFLCMHBSA-N
CC(C)Cn1cnc2c(N)nc3ccccc3c21,DOUYETYNHWVLEO-UHFFFAOYSA-N
O=c1[nH]cnc2c1ncn2[C@@H]1O[C@H](CO)[C@@H](O)[C@H]1O,UGQMRVRMYYASKQ-KQYNXXCUSA-N
CN[C@@H]1[C@@H](O)[C@@H](O[C@@H]2[C@@H](O)[C@H](O[C@H]3O[C@H](CN)[C@@H](O)[C@H](O)[C@H]3O)[C@@H](N)C[C@H]2NC(=O)[C@@H](O)CN)OC[C@]1(C)O,UDIIBEDMEYAVNG-ZKFPOVNWSA-N
NNC(=O)c1ccncc1,QRXWMOHMRWLFEY-UHFFFAOYSA-N
CO[C@@H]1[C@@H](O[C@@H]2O[C@H](C)[C@@H](O[C@H]3C[C@@](C)(OC(=O)CC(C)C)[C@@H](O)[C@H](C)O3)[C@H](N(C)C)[C@H]2O)[C@@H](CC=O)C[C@@H](C)[C@@H](O)C=CC=CC[C@@H](C)OC(=O)C[C@H]1OC(C)=O,UKNSBNVKSFTZOJ-XRUKWLHHSA-N
CC1OC2OC(=O)OC2C2=C1C(=O)c1c(O)cccc1C2=O,MCSWCIQAECMQGP-UHFFFAOYSA-N
CCCCC[C@@H](O)[C@H]1C(=O)O[C@H](C)[C@@H](O)/C=C/C=C/C=C/C=C/C=C(\C)[C@@H](O)[C@H](O)[C@H](O)C[C@H](O)C[C@H](O)C[C@H](O)C[C@H](O)C[C@@H]1O,AGJUUQSLGVCRQA-SWOUQTJZSA-N
CCC(=O)OC[C@]1(O)O[C@H]([C@H]2C[C@H](C)[C@H]([C@]3(C)CC[C@H]([C@]4(C)CC[C@]5(C[C@H](O)[C@@H](C)[C@@H]([C@@H](C)[C@@H](OC(=O)CC)[C@H](C)C(=O)O)O5)O4)O3)O2)[C@@H](C)C[C@H]1C,WCKFMTGGCBJGEZ-GLQQXDFUSA-N
CCCCCCCC(=O)N[C@@H](CCN)C(=O)N[C@H](C(=O)N[C@@H](CCN)C(=O)N[C@H]1CCNC(=O)[C@H]([C@@H](C)O)NC(=O)[C@H](CCNC(N)CCCCCCC)NC(=O)[C@H](CCN)NC(=O)[C@H](CC(C)C)NC(=O)[C@@H](Cc2ccccc2)NC(=O)[C@H](CCN)NC1=O)[C@@H](C)O,RNCUYYIYUGGFPC-JPWJZHLFSA-N
Cc1c(OCC(F)(F)F)ccnc1C[S+]([O-])c1nc2ccccc2[nH]1,MJIHNNLFOKEZEW-UHFFFAOYSA-N
Cc1c(N)nc([C@H](CC(N)=O)NC[C@H](N)C(N)=O)nc1C(=O)N[C@H](C(=O)N[C@H](CCO)[C@@H](O)[C@H](C)C(=O)N[C@H](C(=O)NCCC1=N[C@@H](c2nc(C(=O)NCCCC(=N)N)cs2)CS1)C(C)(C)O)C(C)O[C@@H]1O[C@@H](C)[C@@H](O)[C@@H](O)[C@@H]1O[C@H]1O[C@H](CO)[C@@H](O)[C@@H](OC(N)=O)[C@@H]1O,PPORNUWQIKUROY-AINMIYBESA-N
COc1c(N2C[C@H](CNC3CC3)[C@H](F)C2)c(F)cc2c(=O)c(C(=O)O)cn(CCF)c12,ZFIOCUITTUUVPV-MEDUHNTESA-N
CO[C@@]1(NC(=O)C(C(=O)O)c2ccc(O)cc2)C(=O)N2C(C(=O)O)=C(CSc3nnnn3C)CO[C@@H]21,JWCSIUVGFCSJCK-CAVRMKNVSA-N
C=C[C@]1(C)C[C@@H](OC(=O)CS[C@@H]2CC[C@@H](N)C[C@H]2O)[C@]2(C)[C@H](C)CC[C@]3(CCC(=O)[C@H]32)[C@@H](C)[C@@H]1O,KPVIXBKIJXZQJX-FCEONZPQSA-N
CNCC[C@@H](O)[C@@H]1C[C@H](SC2=C(C(=O)O)N3C(=O)[C@H]([C@@H](C)O)[C@H]3[C@H]2C)CN1,PZLOCBSBEUDCPF-YJIVIRPOSA-N
CO[C@@H]1[C@@H](O[C@@H]2O[C@H](C)[C@@H](O[C@H]3C[C@@](C)(O)[C@@H](OC(=O)CC(C)C)[C@H](C)O3)[C@H](N(C)C)[C@H]2O)[C@@H](CC=O)C[C@@H](C)[C@@H](O)/C=C/C=C/C[C@@H](C)OC(=O)C[C@H]1O,IEMDOFXTVAPVLX-YWQHLDGFSA-N
C[C@H]1COc2c(N3CCN(C)CC3)c(F)cc3c(=O)c(C(=O)O)cn1c23,GSDSWSVVBLHKDQ-JTQLQIEISA-N
C[C@H]1CCc2c(N3CCC(O)CC3)c(F)cc3c(=O)c(C(=O)O)cn1c23,JYJTVFIEFKZWCJ-JTQLQIEISA-N
CC[C@H]1OC(=O)[C@H](C)[C@@H](O[C@H]2C[C@@](C)(OC)[C@@H](O)[C@H](C)O2)[C@H](C)[C@@H](O[C@@H]2O[C@H](C)C[C@H](N(C)C)[C@H]2O)[C@](C)(O)C[C@@H](C)/C(=N/OC)[C@H](C)[C@@H](O)[C@]1(C)O,HPZGUSZNXKOMCQ-IXGVTZHESA-N
CCC[C@@H]1C[C@@H](C(=O)N[C@@H]([C@H]2O[C@H](SC)[C@H](O)[C@@H](O)[C@H]2O)[C@@H](C)O)N(C)C1,OJMMVQQUTAEWLP-KIDUDLJLSA-N
CC(=O)NC[C@H]1CN(c2ccc(N3CCOCC3)c(F)c2)C(=O)O1,TYZROVQLWOKYKF-ZDUSSCGKSA-N
NC[C@@H]1O[C@H](O[C@H]2[C@@H](O)[C@H](O[C@@H]3[C@@H](O)[C@H](N)C[C@H](N)[C@H]3O[C@H]3O[C@H](CO)[C@@H](O)C[C@H]3N)O[C@@H]2CO)[C@H](N)[C@@H](O)[C@@H]1O[C@H]1O[C@H](CO)[C@@H](O)[C@H](O)[C@@H]1O,DBLVDAUGBTYDFR-SWMBIRFSSA-N
CCCCCCCC(=O)N[C@@H](CCN)C(=O)N[C@H](C(=O)N[C@@H](CCN)C(=O)N[C@H]1CCNC(=O)[C@H]([C@@H](C)O)NC(=O)[C@H](CCNC(=O)C(N)CCCN)NC(=O)[C@H](CCN)NC(=O)[C@H](CC(C)C)NC(=O)[C@@H](Cc2ccccc2)NC(=O)[C@H](CCN)NC1=O)[C@@H](C)O,IFMUKIJQHMHUEU-UGTYUTJWSA-N
CCn1cc(C(=O)O)c(=O)c2cc(F)c(N3CCNC(C)C3)c(F)c21,ZEKZLJVOYLTDKK-UHFFFAOYSA-N
N[C@@H](C(=O)N[C@@H]1C(=O)N2C(C(=O)O)=C(Cl)CC[C@H]12)c1ccccc1,JAPHQRWPEGVNBT-UTUOFQBUSA-N
CN(C)[C@@H]1C(=O)C(C(=O)NCNCCCC[C@H](N)C(=O)O)C(=O)[C@@]2(O)C(=O)C3C(=O)c4c(O)cccc4[C@@](C)(O)[C@H]3C[C@@H]12,DZTKAWPWXGIREW-UINNQTPFSA-N
CO[C@@H]1[C@@H](OC)[C@H](C)[C@@](O)(CC(=O)O)O[C@H]1[C@H](C)[C@H]1O[C@@]2(CC[C@@](C)([C@H]3CC[C@@](C)([C@@H]4O[C@@H]([C@H]5O[C@](C)(O)[C@H](C)C[C@@H]5C)C[C@@H]4O[C@@H]4C[C@H](OC)[C@@H](OC)[C@H](C)O4)O3)O2)C[C@H](O)[C@H]1C,RWVUEZAROXKXRT-VQLSFVLHSA-N
NCc1ccc(S(N)(=O)=O)cc1,TYMRLRRVMHJFTF-UHFFFAOYSA-N
CCC(=O)O[C@@H]1CC(=O)O[C@H](C)C[C@@H]2O[C@H]2/C=C/[C@H](O)[C@H](C)C[C@H](CC=O)[C@H](O[C@@H]2O[C@H](C)[C@@H](O[C@H]3C[C@@](C)(O)[C@@H](OC(=O)CC)[C@H](C)O3)[C@H](N(C)C)[C@H]2O)[C@H]1OC,FFXJTOKFQATYBI-RUTGJBPVSA-N
Cc1cccc(O)c1,RLSSMJSEOOYNOY-UHFFFAOYSA-N
CCCCCCCCCCCCCCCC[N+](C)(C)CC,VCAVAURZPNANDQ-UHFFFAOYSA-N
CC1(C)S[C]2[C@H](N=CN3CCCCCC3)C(=O)N2[C@H]1C(=O)O,FBISAXCYKYESAI-MNOVXSKESA-N
C=C1c2c(Cl)ccc(O)c2C(=O)C2C(=O)[C@]3(O)C(=O)C(C(N)=O)C(=O)[C@@H](N(C)C)[C@@H]3[C@@H](O)[C@H]12,YKYBWGJKLYMCFI-KCDYASHQSA-N
CC[C@H]1OC(=O)[C@H](C)[C@@H](O[C@H]2C[C@@](C)(O)[C@@H](O)[C@H](C)O2)[C@H](C)[C@@H](O[C@@H]2O[C@H](C)C[C@H](N(C)C)[C@H]2O)[C@](C)(O[C@H]2C[C@@H](N(C)C)[C@@H](O)[C@H](C)O2)C[C@@H](C)C(=O)[C@H](C)[C@@H](O)[C@]1(C)O,LRWRQTMTYVZKQW-WWDNQWNISA-N
CN(C)[C@@H]1C(=O)C(C(=O)NCN[C@@H]2[C@@H](O)[C@H](O)[C@@H](CO)O[C@H]2O)C(=O)[C@@]2(O)C(=O)C3C(=O)c4c(O)cccc4[C@@](C)(O)[C@H]3C[C@@H]12,XGMLULRTOLXOOG-HWBPOHEDSA-N
C[C@@H](O)[C@H]1C(=O)N2C(C(=O)O)=C(S[C@@H]3CN[C@H](C(=O)N(C)C)C3)[C@H](C)[C@H]12,DMJNNHOOLUXYBV-PQTSNVLCSA-N
C=C1c2cccc(O)c2C(=O)C2C(=O)[C@]3(O)C(=O)C(C(N)=O)C(=O)[C@@H](N(C)C)[C@@H]3[C@@H](O)[C@H]12,QNJKSUYWBCNWFI-KCDYASHQSA-N
C=N[C@@H](C(=O)N[C@@H]1C(=O)N2[C@@H]1SC(C)(C)[C@@H]2C(=O)O)c1ccccc1,FZECHKJQHUVANE-MCYUEQNJSA-N
C1N2CN3CN1CN(C2)C3,VKYKSIONXSXAKP-UHFFFAOYSA-N
COc1cccc(OC)c1C(=O)N[C@@H]1C(=O)N2[C@@H]1SC(C)(C)[C@@H]2C(=O)O,RJQXTJLFIWVMTO-TYNCELHUSA-N
CC1(C)S[C@@H]2[C@H](NC(=O)[C@H](NC(=O)N3CCN(S(C)(=O)=O)C3=O)c3ccccc3)C(=O)N2[C@H]1C(=O)O,YPBATNHYBCGSSN-VWPFQQQWSA-N
CNC[C@@H]1CC[C@@H](N)[C@@H](O[C@H]2[C@H](O)[C@@H](O[C@H]3OC[C@](C)(O)[C@H](NC)[C@H]3O)[C@H](N)C[C@@H]2N)O1,DNYGXMICFMACRA-XHEDQWPISA-N
CCC(=O)O[C@@H]1CC(=O)O[C@H](C)CC=CC=C[C@H](O)[C@H](C)C[C@H](CC=O)[C@H](O[C@@H]2O[C@H](C)[C@@H](O[C@H]3C[C@@](C)(O)[C@@H](OC(=O)CC)[C@H](C)O3)[C@H](N(C)C)[C@H]2O)[C@H]1OC,DMUAPQTXSSNEDD-LDWAKBATSA-N
CCC(=O)O[C@@H]1CC(=O)O[C@H](C)C/C=C/C=C/[C@H](OC(C)=O)[C@H](C)C[C@H](CC=O)[C@H](O[C@@H]2O[C@H](C)[C@@H](O[C@H]3C[C@@](C)(OC(C)=O)[C@@H](OC(=O)CC)[C@H](C)O3)[C@H](N(C)C)[C@H]2O)[C@H]1OC,GQNZGCARKRHPOH-RQIKCTSVSA-N
CC[C@H]1NC(=O)[C@@H](NC(=O)c2ncccc2O)[C@@H](C)OC(=O)[C@H](c2ccccc2)NC(=O)[C@@H]2CC(=O)CCN2C(=O)[C@H](Cc2ccc(N(C)C)cc2)N(C)C(=O)[C@@H]2CCCN2C1=O,YGXCETJZBDTKRY-DZCVGBHJSA-N
CN(C)c1ccc(O)c2c1C[C@H]1C[C@H]3[C@H](N(C)C)C(=O)C(C(N)=O)C(=O)[C@@]3(O)C(=O)C1C2=O,ZZZRUAITSXLWBH-CSYJEMQYSA-N
CCCCC[C@H]1CN[C@H](C(=O)N[C@H]([C@H]2O[C@H](SC)[C@H](O)[C@@H](O)[C@H]2O)[C@@H](C)Cl)C1,UFFIWDQGZCWMIU-WTHPCCINSA-N
CC[C@H]1OC(=O)/C=C/[C@H](C)[C@@H](O[C@@H]2O[C@H](C)C[C@H](N(C)C)[C@H]2O)[C@@H](C)C[C@@H](C)C(=O)/C=C/[C@@H]2O[C@H]2[C@]1(O)CO[C@@H]1O[C@H](C)[C@@H](O)[C@@H](OC)[C@H]1OC,WWIDEZOUVSJVHS-ZPQCYHEESA-N
CC[C@H]1OC(=O)[C@H](C)[C@@H](O[C@H]2C[C@@](C)(OC)[C@@H](O)[C@H](C)O2)[C@H](C)[C@@H](O[C@@H]2O[C@H](C)C[C@H](N(C)C(C)C)[C@H]2O)[C@@]2(C)CC(C)=C(O2)[C@H](C)C(=O)[C@]1(C)OC,BELMMAAWNYFCGF-PZXAHSFZSA-N
CC[C@H]1OC(=O)[C@H](C)C(=O)[C@H](C)[C@@H](O[C@@H]2O[C@H](C)C[C@H](N(C)C)[C@H]2O)[C@@]2(C)C[C@@H](C)/C(=N\C(C)=O)[C@H](C)[C@@H](OC/C(=N\OCc3ccc(-n4cccn4)nc3)CO2)[C@]1(C)O,WLGSYOKBEDVHQB-XSKCQLPHSA-N
CO[C@@]1(NC(=O)[C@H](C(=O)O)c2ccc(O)cc2)C(=O)N2C(C(=O)O)=C(CSc3nnnn3C)CO[C@@H]21,JWCSIUVGFCSJCK-LIUKBUMOSA-N
COc1c(N2C[C@@H]3CCCN[C@@H]3C2)c(F)cc2c(=O)c(C(=O)O)cn(C3CC3)c12,FABPRXSRWADJSP-MEDUHNTESA-N
CC(=O)Oc1cccc(C)c1,OTGAHJPFNKQGAE-UHFFFAOYSA-N
CC(=CC(=O)OCCCCCCCCC(=O)O)C[C@@H]1OC[C@H](C[C@@H]2O[C@H]2[C@@H](C)[C@H](C)O)[C@@H](O)[C@H]1O,MINDHVHHQZYEEK-OYXVVHJOSA-N
CSCC[C@H](N)C(=O)C[C@H]([C@@H](N)C(=O)N(/C=C1\C[C@@H](O)[C@@H](N2CCC(=O)NC2=O)O1)C(=O)N[C@@H](Cc1cccc(O)c1)C(=O)O)N(C)C(=O)[C@H](Cc1cccc(O)c1)NC(=O)CN,YOJROHBVPRINGM-QGNBWBAKSA-N
CC1CCc2c(N3CCC(O)CC3)c(F)cc3c(=O)c(C(=O)O)cn1c23,JYJTVFIEFKZWCJ-UHFFFAOYSA-N
CCOc1ccc2ccccc2c1C(=O)N[C@@H]1C(=O)N2[C@@H]1SC(C)(C)[C@@H]2C(=O)O,GPXLMGHLHQJAGZ-JTDSTZFVSA-N
CC[C@H]1OC(=O)[C@H](C)C(=O)[C@H](C)[C@@H](O[C@@H]2O[C@H](C)C[C@H](N(C)C)[C@H]2O)[C@](C)(OC)C[C@@H](C)C(=O)[C@H](C)[C@H]2[C@H](/C(N)=N/O[C@@H](C)c3nnc(-c4ccccn4)s3)C(=O)O[C@@]21C,RLFCSBSRGRJFRO-QAOQTAGDSA-N
CCn1cc(C(=O)O)c(=O)c2ccc(C)nc21,MHWLWQUZZRMNGJ-UHFFFAOYSA-N
C[C@@H]1C/C=C/C=C/C=C/C=C/[C@H](O[C@@H]2O[C@H](C)[C@@H](O)[C@H](N)[C@@H]2O)C[C@@H]2O[C@](O)(C[C@@H](O)C[C@H]3O[C@@H]3/C=C/C(=O)O1)C[C@H](O)[C@H]2C(=O)O,NCXMLFZGDNKEPB-FFPOYIOWSA-N
Cc1ccc(S(=O)(=O)NCl)cc1,NXTVQNIVUKXOIL-UHFFFAOYSA-N
COc1c(N2C[C@@H](C)C[C@H](N)C2)ccc2c(=O)c(C(=O)O)cn(C3CC3)c12,AVPQPGFLVZTJOR-RYUDHWBXSA-N
NC[C@@H]1O[C@H](O[C@H]2[C@@H](O)[C@H](O[C@@H]3[C@@H](O)[C@H](N)C[C@H](N)[C@H]3O[C@H]3O[C@H](CN)[C@@H](O)[C@H](O)[C@H]3N)O[C@@H]2CO)[C@H](N)[C@@H](O)[C@@H]1O,PGBHMTALBVVCIT-VCIWKGPPSA-N
CCN[C@@H]1C[C@H](N)[C@@H](O[C@H]2OC(CN)=CC[C@H]2N)[C@H](O)[C@H]1O[C@H]1OC[C@](C)(O)[C@H](NC)[C@H]1O,CIDUJQMULVCIBT-MQDUPKMGSA-N
O=C1CN(/N=C/c2ccc([N+](=O)[O-])o2)C(=O)N1CN1CCOCC1,WCEJYDIWHURKJX-VGOFMYFVSA-N
O=C(N/N=C/c1ccc([N+](=O)[O-])o1)c1ccc(O)cc1,YCWSUKQGVSGXJO-NTUHNPAUSA-N
O=[N+]([O-])c1ccc(-c2nc(N(CCO)CCO)c3ccccc3n2)o1,AUEOHSUMWXAPBX-UHFFFAOYSA-N
O=C(N/N=C/C=C/c1ccc([N+](=O)[O-])o1)c1ccc([N+](=O)[O-])s1,IDUMOVRJNBNOTR-BIZLIJPVSA-N
C[C@@H]([C@H](N)C(=O)N[C@H](C(=O)O)[C@H]1O[C@@H](n2ccc(=O)[nH]c2=O)[C@H](O)[C@@H]1O)[C@H](O)c1ccc(O)cn1,WWJFFVUVFNBJTN-VHDFTHOZSA-N
O=[N+]([O-])c1cncn1CCN1CCOCC1,MDJFHRLTPRPZLY-UHFFFAOYSA-N
CN(C)[C@@H]1C(=O)C(C(N)=O)C(=O)[C@@]2(O)C(=O)C3C(=O)c4c(O)ccc([N+](=O)[O-])c4C[C@H]3C[C@@H]12,CDVLXHZNOJFYJS-XQABNSMZSA-N
CCn1cc(C(=O)O)c(=O)c2cc(F)c(N3CCNCC3)cc21,OGJPXUAPXNRGGI-UHFFFAOYSA-N
CO[C@@H]1[C@@H](OC(N)=O)[C@H](O)[C@@H](Oc2ccc3c(O)c(NC(=O)c4ccc(O)c(CC=C(C)C)c4)c(=O)oc3c2C)OC1(C)C,YJQPYGGHQPGBLI-FWPHEPGVSA-N
CN[C@@H]1[C@@H](O[C@H]2O[C@H](CO)[C@@H](N)[C@H](O)[C@H]2O)OC2C[C@@H](N)[C@@H](O[C@H]3[C@H](O)[C@@H](O)[C@H](N)C[C@@H]3N)OC2[C@@H]1O,XZNUGFQTQHRASN-PSDDYZKFSA-N
C[C@@H]1[C@H](O)[C@@H](C)/C=C/C=C/CC/C=C/C=C/C=C/C=C/[C@H](O[C@@H]2O[C@H](C)[C@@H](O)[C@H](N)[C@@H]2O)C[C@@H]2O[C@](O)(C[C@@H](O)[C@H](O)CC[C@@H](O)C[C@@H](O)C[C@@H](O)CC(=O)O[C@H]1C)C[C@H](O)[C@H]2C(=O)O,VQOXZBDYSJBXMA-NQTDYLQESA-N
CCCCCCCC(=O)N[C@H](C(=O)N[C@@H](CCN)C(=O)N[C@H]1CCNC(=O)[C@H]([C@@H](C)O)NC(=O)[C@H](CCN)NC(=O)[C@H](CCN)NC(=O)[C@H](CC(C)C)NC(=O)[C@@H](Cc2ccccc2)NC(=O)[C@H](CCN)NC1=O)[C@@H](C)O,ZZWXCBJUOUMGOE-KGQMXDIQSA-N
CCCCCCCCN=c1ccn(CCCCCCCCCCn2ccc(=NCCCCCCCC)cc2)cc1,ZVXNYZWXUADSRV-UHFFFAOYSA-N
CC1COc2c(N3CCN(C)CC3)c(F)cc3c(=O)c(C(=O)O)cn1c23,GSDSWSVVBLHKDQ-UHFFFAOYSA-N
CO[C@H]1C[C@H](O[C@H]2[C@H](C)[C@@H](O[C@@H]3O[C@H](C)C[C@H](N(C)C)[C@H]3O)[C@@H](C)C[C@@]3(CO3)C(=O)[C@H](C)[C@@H](O)[C@@H](C)[C@@H](C)OC(=O)[C@@H]2C)O[C@@H](C)[C@@H]1O,RZPAKFUAFGMUPI-QESOVKLGSA-N
CC[C@H]1/C=C/C=C/C[C@@H](C)[C@H](O)[C@@](C)(O)C(=O)[C@@H](C)[C@H](O)[C@@H](C)C(=O)[C@@H](C)[C@H](O)[C@@H](C)/C=C/C(=O)O[C@H]2C[C@@]3(CC[C@H](C)[C@H](C[C@@H](C)O)O3)O[C@@H](CC1)[C@H]2C,LVWVMRBMGDJZLM-BONFEJLISA-N
CN(C)c1cc(CNCC(C)(C)C)c(O)c2c1C[C@H]1C[C@H]3[C@H](N(C)C)C(=O)C(C(N)=O)C(=O)[C@@]3(O)C(=O)C1C2=O,OVIWLBQFYMOVOF-NPGXJKJDSA-N
Cc1ncc([N+](=O)[O-])n1CC(O)CCl,IPWKIXLWTCNBKN-UHFFFAOYSA-N
Cc1onc(-c2ccccc2)c1C(=O)N[C@@H]1C(=O)N2[C@@H]1SC(C)(C)[C@@H]2C(=O)O,UWYHMGVUTGAWSP-JKIFEVAISA-N
CO/N=C(\C(=O)N[C@@H]1C(=O)N(OCC(=O)O)[C@H]1C)c1csc(N)n1,FJKOYBHMMTVFHK-TWYJFGHKSA-N
Oc1cccc2cccnc12,MCJGNVYPOGVAJF-UHFFFAOYSA-N
CN(C)[C@@H]1C(=O)C(C(N)=O)C(=O)[C@@]2(O)C(=O)C3C(=O)c4c(O)cccc4[C@@](C)(O)[C@H]3[C@H](O)[C@@H]12,TUEWQXNXQFRUTK-NWGWHKHOSA-N
CNc1ncc(-c2ccc3c(=O)c(C(=O)O)cn(C4CC4)c3c2C)cc1C,XPIJWUTXQAGSLK-UHFFFAOYSA-N
CO[C@H]1C[C@H](O[C@@H]2[C@H](OC(=O)C(NC(=S)SC[C@H](NC(C)=O)C(=O)O)C(C)SC[C@H](NC(C)=O)C(=O)O)[C@@H](COC(C)=O)OC([C@@]3(O)CC(=O)C(N)=C(C(=O)O)C3=O)[C@@H]2O)O[C@@H](C)[C@]1(O)[C@@H](C)OC(=O)C(C)C,VBFMBQWGGZGDKY-OKUAUXBOSA-N
CC(=N)N1CC[C@H](SC2=C(C(=O)O)N3C(=O)[C@H]([C@@H](C)O)[C@H]3C2)C1,TYMABNNERDVXID-DLYFRVTGSA-N
Oc1ccc(Cl)cc1,WXNZTHHGJRFXKQ-UHFFFAOYSA-N
NC[C@@H]1O[C@H](O[C@H]2[C@@H](O)[C@H](O[C@@H]3[C@@H](O)[C@H](N)C[C@H](N)[C@H]3O[C@H]3O[C@H](CO)[C@@H](O)[C@H](O)[C@H]3N)O[C@@H]2CO)[C@H](N)[C@@H](O)[C@@H]1O,UOZODPSAJZTQNH-LSWIJEOBSA-N
C[C@H]1COc2c(C3(N)CC3)c(F)cc3c(=O)c(C(=O)O)cn1c23,XAGMUUZPGZWTRP-ZETCQYMHSA-N
CCCC[C@@H](O)/C=C(C)/C=C/C=C/C(=O)N1CCCC1=O,ZYPGADGCNXOUJP-CXVPHVKISA-N
CN(C)[C@@H]1C(=O)C(C(=O)NCN2CCCC(C(=O)O)C2)C(=O)[C@@]2(O)C(=O)C3C(=O)c4c(O)cccc4[C@@](C)(O)[C@H]3C[C@@H]12,SVLZSFQGVYHJHR-PGLOATHZSA-N
CCn1cc(C(=O)O)c(=O)c2cc(F)c(N3CCN(C)CC3)cc21,FHFYDNQZQSQIAI-UHFFFAOYSA-N
CC(=O)OCOC(=O)[C@@H]1N2C(=O)[C@@H](NC(=O)Cc3ccccc3)[C@H]2SC1(C)C,NLOOMWLTUVBWAW-HLLBOEOZSA-N
CC1(C)S[C@@H]2[C@H](NC(=O)Cc3ccccc3)C(=O)N2[C@H]1C(=O)O,JGSARLDLIJGVTE-MBNYWOFBSA-N
CN(C)[C@@H]1C(=O)C(C(=O)NCN2CCN(CCO)CC2)C(=O)[C@@]2(O)C(=O)C3C(=O)c4c(O)cccc4[C@@](C)(O)[C@H]3C[C@@H]12,FEYLEYUKAADMSB-YSPIJMGQSA-N
CN(C)[C@@H]1C(=O)C(C(=O)NCN[C@@H](C(=O)N[C@@H]2C(=O)N3[C@@H]2SC(C)(C)[C@@H]3C(=O)O)c2ccccc2)C(=O)[C@@]2(O)C(=O)C3C(=O)c4c(O)cccc4[C@@](C)(O)[C@H]3C[C@@H]12,OYVCHTYZTPZYAA-COWOKIENSA-N
CN[C@@H]1[C@@H](O)[C@@H](O[C@@H]2[C@H](O)[C@H](O[C@H]3OC(CN)=CC[C@H]3N)[C@@H](N)C[C@H]2N)OC[C@]1(C)O,URWAJWIAIPFPJE-VHLNBGGKSA-N
Cc1c(N)nc([C@H](CC(N)=O)NC[C@H](N)C(N)=O)nc1C(=O)N[C@H](C(=O)N[C@H](C)[C@@H](O)[C@H](C)C(=O)N[C@H](C(=O)NCCc1nc(-c2nc(C(=O)NCCCN[C@@H](C)c3ccccc3)cs2)cs1)[C@@H](C)O)[C@@H](O[C@@H]1O[C@@H](CO)[C@@H](O)[C@H](O)[C@@H]1O[C@H]1O[C@H](CO)[C@@H](O)[C@H](OC(N)=O)[C@@H]1O)c1c[nH]cn1,QIMGFXOHTOXMQP-GFAGFCTOSA-N
CCC(CC)C(=O)OCOC(=O)C1=C(S[C@H]2CC[S+]([O-])C2)S[C@@H]2[C@@H]([C@@H](C)O)C(=O)N12,NBPVNGWRLGHULH-JKOUTOBWSA-N
CC(Oc1ccccc1)C(=O)N[C@@H]1C(=O)N2[C@@H]1SC(C)(C)[C@@H]2C(=O)O,NONJJLVGHLVQQM-JHXYUMNGSA-N
CC1(C)S[C@@H]2[C@H](NC(=O)COc3ccccc3)C(=O)N2[C@H]1C(=O)O,BPLBGHOLXOTWMN-MBNYWOFBSA-N
CCn1cc(C(=O)O)c(=O)c2cnc(N3CCNCC3)nc21,JOHZPMXAZQZXHR-UHFFFAOYSA-N
CCN1CCN(C(=O)N[C@@H](C(=O)N[C@@H]2C(=O)N3[C@@H]2SC(C)(C)[C@@H]3C(=O)O)c2ccccc2)C(=O)C1=O,IVBHGBMCVLDMKU-GXNBUGAJSA-N
CC(C)(O/N=C(\C(=O)NC1CN(C(=O)NS(=O)(=O)N2CCN(NC(=O)c3cc(=O)c(O)c[nH]3)C2=O)C1=O)c1csc(N)n1)C(=O)O,JXSPWQGYERHATM-MUXKCCDJSA-N
CC[C@@H]1CCN[C@H](C(=O)N[C@@H]([C@H]2O[C@H](SC)[C@H](O)[C@@H](O)[C@H]2O)[C@H](C)Cl)C1,HBJOXQRURQPDEX-MHXMMLMNSA-N
CCn1cc(C(=O)O)c(=O)c2cnc(N3CCCC3)nc21,RCIMBBZXSXFZBV-UHFFFAOYSA-N
CC(C)(C)C(=O)OCOC(=O)[C@@H]1N2C(=O)[C@@H](NC(=O)[C@H](N)c3ccccc3)[C@H]2SC1(C)C,ZEMIJUDPLILVNQ-ZXFNITATSA-N
CC(C)(C)C(=O)OCOC(=O)[C@@H]1N2C(=O)[C@@H](N=CN3CCCCCC3)[C@H]2SC1(C)C,NPGNOVNWUSPMDP-HLLBOEOZSA-N
CN[C@@H]1[C@@H](O)[C@@H](O[C@@H]2[C@@H](O)[C@H](O[C@H]3OC(CNCCO)=CC[C@H]3N)[C@@H](N)C[C@H]2NC(=O)[C@@H](O)CCN)OC[C@]1(C)O,IYDYFVUFSPQPPV-PEXOCOHZSA-N
CCCCCCNC(=N)NC(=N)N,VAZJLPXFVQHDFB-UHFFFAOYSA-N
CCC(C)CCCCC(=O)N[C@@H](CCN)C(=O)N[C@H]1CCNC(=O)[C@H]([C@@H](C)O)NC(=O)[C@H](CCN)NC(=O)[C@H](CCN)NC(=O)[C@H](CC(C)C)NC(=O)[C@@H](Cc2ccccc2)NC(=O)[C@H](CCN)NC1=O,BWOXFTMFWNNCJT-KLRCDSPTSA-N
CC(C)C[C@@H]1NC(=O)[C@@H](Cc2ccccc2)NC(=O)[C@H](CCN)NC(=O)[C@@H](NC(=O)[C@H](CCN)NC(=O)[C@@H](N)[C@@H](C)O)CCNC(=O)[C@H]([C@@H](C)O)NC(=O)[C@H](CCN)NC(=O)[C@H](CCN)NC1=O,PYHYGIPVYYRJHU-QWDNBKTCSA-N
CCCCCCCC(=O)N[C@@H](CCN)C(=O)N[C@H](C(=O)N[C@@H](CCN)C(=O)N[C@H]1CCNC(=O)[C@@H]([C@@H](C)O)NC(=O)[C@H](CCN)NC(=O)[C@H](CCN)NC(=O)[C@H](CC(C)C)NC(=O)[C@@H](Cc2ccccc2)NC(=O)[C@H](CCN)NC1=O)[C@@H](C)O,MUZYEKLWXWDOOD-IPWQJAHISA-N
CCCCCCC(=O)N[C@@H](CCN)C(=O)N[C@H](C(=O)N[C@@H](CCN)C(=O)N[C@H]1CCNC(=O)[C@H]([C@@H](C)O)NC(=O)[C@H](CCN)NC(=O)[C@H](CCN)NC(=O)[C@H](CC(C)C)NC(=O)[C@@H](Cc2ccccc2)NC(=O)[C@H](CCN)NC1=O)[C@@H](C)O,DFEINBRRTFYPQB-KOEMQTGPSA-N
CCCCCCCCC(=O)N[C@@H](CCN)C(=O)N[C@H](C(=O)N[C@@H](CCN)C(=O)N[C@H]1CCNC(=O)[C@H]([C@@H](C)O)NC(=O)[C@H](CCN)NC(=O)[C@H](CCN)NC(=O)[C@H](CC(C)C)NC(=O)[C@@H](Cc2ccccc2)NC(=O)[C@H](CCN)NC1=O)[C@@H](C)O,RGUCBEFVOXUBFX-KKUCYLEMSA-N
CCC(C)CCC(O)CC(=O)N[C@@H](CCN)C(=O)N[C@H](C(=O)N[C@@H](CCN)C(=O)N[C@H]1CCNC(=O)[C@H]([C@@H](C)O)NC(=O)[C@H](CCN)NC(=O)[C@H](CCN)NC(=O)[C@H](CC(C)C)NC(=O)[C@@H](Cc2ccccc2)NC(=O)[C@H](CCN)NC1=O)[C@@H](C)O,VXKUKGSGMZZTDI-KDYXYUQKSA-N
CCC(C)CCCCC(=O)N(C)[C@@H](CCN)C(=O)N[C@@H](CN[C@@H](CCN)C(=O)N[C@H]1CCNC(=O)[C@H]([C@@H](C)O)NC(=O)[C@H](CCN)NC(=O)[C@H](CCN)NC(=O)[C@H](CC(C)C)NC(=O)[C@@H](CC(C)C)NC(=O)[C@H](CCN)NC1=O)[C@@H](C)O,NDCREQVTVXYWDZ-QCAMNUJHSA-N
CCC(C)CCCCC(=O)N[C@@H](CCN)C(=O)N[C@H](C(=O)N[C@@H](CCN)C(=O)N[C@H]1CCNC(=O)[C@H]([C@@H](C)O)NC(=O)[C@H](CCN)NC(=O)[C@H](CCN)NC(=O)[C@H](CC(C)O)NC(=O)[C@@H](Cc2ccccc2)NC(=O)[C@H](CCN)NC1=O)[C@@H](C)O,OEUDAMQWMHIJEF-VRADIZGQSA-N
CC[C@H](C)CCCCC(=O)N[C@@H](CCN)C(=O)N[C@H](C(=O)N[C@@H](CCN)C(=O)N[C@H]1CCNC(=O)[C@H]([C@@H](C)O)NC(=O)[C@H](CCN)NC(=O)[C@H](CCN)NC(=O)[C@H](CC(C)C)NC(=O)[C@@H](Cc2ccccc2)NC(=O)[C@@H](CCN)NC1=O)[C@@H](C)O,WQVJHHACXVLGBL-VBCBMUHNSA-N
CO[C@@]12[C@H](COC(N)=O)C3=C(C(=O)C(C)=C(N)C3=O)N1C[C@H]1[C@@H]2N1C,HRHKSTOGXBBQCB-VFWICMBZSA-N
O=C([C@@H](O)CO)N1CC=C(c2c(F)cc(N3C[C@H](COc4ccon4)OC3=O)cc2F)CC1,HBUJYEUPIIJJOS-PBHICJAKSA-N
C=CN1CCCC1=O,WHNWPMSKXPGLAX-UHFFFAOYSA-N
CCCCC1C(=O)OC(C(C)C(O)CCCNC(=N)N)C(C)/C=C(\C)CCCCC(O)CC(O)CC(O)CC(O)CC(O)C(O[C@H]2O[C@H](CO)[C@@H](O)[C@@H]2O)/C=C(\C)C(O)CCCC(O)CCCC(O)CCC(C)C1O,NYWSLZMTZNODJM-MCGDBQAWSA-N
Nc1ccc2cc3ccc(N)cc3nc2c1,WDVSHHCDHLJJJR-UHFFFAOYSA-N
CCOC(=O)/C(=C/c1ncc([N+](=O)[O-])n1C)C(C)=O,GCHKUUOPYMFGEY-VMPITWQZSA-N
CCC(Oc1ccccc1)C(=O)N[C@@H]1C(=O)N2[C@@H]1SC(C)(C)[C@@H]2C(=O)O,HOCWPKXKMNXINF-XQERAMJGSA-N
NC[C@H]1O[C@H](O[C@H]2[C@H](O)[C@@H](O[C@H]3O[C@H](CO)[C@@H](O)[C@H](N)[C@H]3O)[C@H](NC(CO)CO)C[C@@H]2N)[C@H](N)[C@@H](O)[C@@H]1O,ZEFUFVWPRPISAD-FLUPTLLOSA-N
Cc1oc(=O)oc1CN1CCN(c2cc3c(cc2F)c(=O)c(C(=O)O)c2n3C(C)S2)CC1,PWNMXPDKBYZCOO-UHFFFAOYSA-N
COc1ccc(C[C@H](N)C(=O)N[C@H]2[C@@H](O)[C@H](n3cnc4c(N(C)C)ncnc43)O[C@@H]2CO)cc1,RXWNCPJZOCPEPQ-NVWDDTSBSA-N
NC(=O)c1cnccn1,IPEHBUMCGVEMRF-UHFFFAOYSA-N
O=[N+]([O-])c1c(Cl)cccc1-c1c[nH]cc1Cl,QJBZDBLBQWFTPZ-UHFFFAOYSA-N
[O-][n+]1cc[n+]([O-])c2ccccc21,CKIHZSGJPSDCNC-UHFFFAOYSA-N
CC[C@H]1NC(=O)[C@@H](NC(=O)c2ncccc2O)[C@@H](C)OC(=O)[C@H](c2ccccc2)NC(=O)[C@@H]2CC(=O)[C@H](CS[C@@H]3CN4CCC3CC4)CN2C(=O)[C@H](Cc2ccc(N(C)C)cc2)N(C)C(=O)[C@@H]2CCCN2C1=O,WTHRRGMBUAHGNI-LCYNINFDSA-N
CC(=O)NC[C@H]1CN(c2ccc(-c3ccc(CNCc4cnn[nH]4)cc3)c(F)c2)C(=O)O1,BTTNOGHPGJANSW-IBGZPJMESA-N
CCCCC(=O)OC1C(C=O)=CC(O)C(O)C1O,NSBYSHKEWUPBPX-UHFFFAOYSA-N
C[C@H]1C=C(c2csc(SC3=C(C(=O)O)N4C(=O)[C@H]([C@@H](C)O)[C@H]4[C@H]3C)n2)CN1,XFGOMLIRJYURLQ-GOKYHWASSA-N
O=C(NC1CCNCC1)[C@@H]1CC[C@@H]2CN1C(=O)N2OS(=O)(=O)O,SMOBCLHAZXOKDQ-ZJUUUORDSA-N
CC[C@H]1OC(=O)C[C@@H](O)[C@H](C)[C@@H](O[C@@H]2O[C@H](C)C[C@H](N(C)C)[C@H]2O)[C@@H](CC=O)C[C@@H](C)C(=O)/C=C/C(C)=C/[C@@H]1C,OBUIQEYZGMZXPJ-NPQHDNJNSA-N
Cc1cc(O)c2c3c4c(cc(O)c13)C(C)(C)C(=O)c1c(O)cc(O)c(c1-4)C2=O,ABLACSIRCKEUOB-UHFFFAOYSA-N
C=C[C@]1(C)C[C@@H](OC(=O)CSC2CC3CCC(C2)N3C)[C@]2(C)[C@H](C)CC[C@]3(CCC(=O)[C@@H]32)[C@@H](C)[C@@H]1O,STZYTFJPGGDRJD-VIRKRIFDSA-N
C=CCNc1c(O)cc2c(O)c1C[C@@H](C)C[C@H](OC)[C@H](O)[C@@H](C)/C=C(\C)[C@H](OC(N)=O)[C@@H](OC)/C=C\C=C(/C)C(=O)N2,OAKGNIRUXAZDQF-TXHRRWQRSA-N
NC[C@H]1O[C@H](O[C@H]2[C@H](O[C@@H]3O[C@H](CO)[C@@H](O)[C@H]3O)[C@@H](O)[C@H](N)C[C@@H]2N)[C@H](N)[C@@H](O)[C@@H]1O,NSKGQURZWSPSBC-VVPCINPTSA-N
CO[C@H]1/C=C/O[C@@]2(C)Oc3c(C)c(O)c4c(c3C2=O)C2=NC3(CCN(CC(C)C)CC3)NC2=C(NC(=O)/C(C)=C\C=C\[C@H](C)[C@H](O)[C@@H](C)[C@@H](O)[C@@H](C)[C@H](OC(C)=O)[C@@H]1C)C4=O,ATEBXHFBFRCZMA-VXTBVIBXSA-N
CO[C@H]1/C=C/O[C@@]2(C)Oc3c(C)c(O)c4c(=O)c(c5oc6cc(N7CCN(CC(C)C)CC7)cc(O)c6nc-5c4c3C2=O)NC(=O)/C(C)=C\C=C\[C@H](C)[C@H](O)[C@@H](C)[C@@H](O)[C@@H](C)[C@H](OC(C)=O)[C@@H]1C,UEFHFKKWYKVLDC-HTQYORAHSA-N
CCN(CC)/C(C)=N/N=C/c1c2c(O)c3c(O)c(C)c4c(c3c1O)C(=O)[C@@](C)(O/C=C/[C@H](OC)[C@@H](C)[C@@H](OC(C)=O)[C@H](C)[C@H](O)[C@H](C)[C@@H](O)[C@@H](C)/C=C/C=C(/C)C(=O)N2)O4,MPNLXDYNHVIMAT-WDJJWENTSA-N
CCN(CC)c1nc2c(s1)c1c(O)c3c(O)c(C)c4c(c32)C(=O)[C@@](C)(O/C=C/[C@H](OC)[C@@H](C)[C@@H](OC(C)=O)[C@H](C)[C@H](O)[C@H](C)[C@@H](O)[C@@H](C)/C=C/C=C(/C)C(=O)N1)O4,QTLQVMGAXZJADU-ZRWMMNBYSA-N
CCN(CC)C(=O)COc1cc2c(O)c3c(O)c(C)c4c(c13)C(=O)[C@@](C)(O/C=C/[C@H](OC)[C@@H](C)[C@@H](OC(C)=O)[C@H](C)[C@H](O)[C@H](C)[C@@H](O)[C@@H](C)/C=C/C=C(/C)C(=O)N2)O4,VFYNXKZVOUXHDX-VDPUEHCXSA-N
CO[C@H]1/C=C/O[C@@]2(C)Oc3c(C)c(O)c4c(O)c(c(/C=N/N5CCN(C)CC5)c(O)c4c3C2=O)NC(=O)/C(C)=C\C=C\[C@H](C)[C@H](O)[C@@H](C)[C@@H](O)[C@@H](C)[C@H](OC(C)=O)[C@@H]1C,JQXXHWHPUNPDRT-WLSIYKJHSA-N
CO[C@H]1C=CO[C@@]2(C)Oc3c(C)c(O)c4c(O)c(cc(O)c4c3C2=O)NC(=O)C(C)=CC=C[C@H](C)[C@H](O)[C@@H](C)[C@@H](O)[C@@H](C)[C@H](OC(C)=O)[C@@H]1C,HJYYPODYNSCCOU-OSIZACAASA-N
CO[C@H]1/C=C/O[C@@]2(C)Oc3c(C)c(O)c4c(c3C2=O)C(=O)C=C(NC(=O)/C(C)=C\C=C\[C@H](C)[C@H](O)[C@@H](C)[C@@H](O)[C@@H](C)[C@H](OC(C)=O)[C@@H]1C)C4=O,BTVYFIMKUHNOBZ-ODRIEIDWSA-N
CO[C@H]1/C=C/O[C@@]2(C)Oc3c(C)c(O)c4c(O)c(c(/C=N/N5CCN(C6CCCC6)CC5)c(O)c4c3C2=O)NC(=O)/C(C)=C\C=C\[C@H](C)[C@H](O)[C@@H](C)[C@@H](O)[C@@H](C)[C@H](OC(C)=O)[C@@H]1C,WDZCUPBHRAEYDL-GZAUEHORSA-N
CO[C@H]1C=CO[C@@]2(C)Oc3c(C)c(O)c4c(O)c(c5c(nc6cc(C)ccn65)c4c3C2=O)NC(=O)C(C)=CC=C[C@H](C)[C@H](O)[C@@H](C)[C@@H](O)[C@@H](C)[C@H](OC(C)=O)[C@@H]1C,NZCRJKRKKOLAOJ-IIBMFGDOSA-N
C[C@@H](O)[C@H]1C(=O)N2C(C(=O)O)=C(COC(N)=O)S[C@H]12,IKQNRQOUOZJHTR-UWBRJAPDSA-N
CCCC(=O)O[C@H]1[C@H](C)O[C@@H](O[C@H]2[C@H](N(C)C)[C@@H](O)[C@H](O[C@H]3[C@@H](CC=O)C[C@@H](C)[C@@H](O)C=CC=CC[C@@H](C)OC(=O)C[C@@H](O)[C@@H]3OC)O[C@@H]2C)C[C@@]1(C)OC(=O)CC,VYWWNRMSAPEJLS-RVPGWPFOSA-N
CN(C)[C@@H]1C(=O)C(C(=O)NCN2CCCC2)C(=O)[C@@]2(O)C(=O)C3C(=O)c4c(O)cccc4[C@@](C)(O)[C@H]3C[C@@H]12,PLDZOHPIBZVDLQ-KOQYWDHLSA-N
CC[C@H]1OC(=O)C[C@@H](O)[C@H](C)[C@@H](O[C@@H]2O[C@H](C)C[C@H](N(C)C)[C@H]2O)[C@@H](CC=O)C[C@@H](C)C(=O)/C=C/[C@]2(C)O[C@H]2[C@@H]1C,IUPCWCLVECYZRV-JZMZINANSA-N
CCCC(=O)O[C@H]1[C@H](O[C@@H]2[C@@H](CC=O)C[C@@H](C)C(=O)/C=C/[C@]3(C)O[C@H]3[C@H](C)[C@@H](CC)OC(=O)C[C@@H](O)[C@@H]2C)O[C@H](C)C[C@@H]1N(C)C,BXRFQJOFRKZZPI-RBGALTJNSA-N
CCC(=O)O[C@H]1[C@H](O[C@H]2[C@@H](CC=O)C[C@@H](C)C(=O)/C=C/[C@]3(C)O[C@H]3[C@H](C)[C@@H](CC)OC(=O)C[C@@H](O)[C@@H]2C)O[C@H](C)C[C@@H]1N(C)C,JTJAMAJKINOBDT-FIJHNNTRSA-N
CCn1cc(C(=O)O)c(=O)c2ccc(-c3ccncc3)cc21,XBPZXDSZHPDXQU-UHFFFAOYSA-N
CC[C@H]1OC(=O)[C@H](C)[C@@H](O[C@H]2C[C@@](C)(OC)[C@@H](O)[C@H](C)O2)[C@H](C)[C@@H](O[C@@H]2O[C@H](C)C[C@H](N(C)C)[C@H]2O)[C@](C)(O)C[C@@H](C)C(=NOCOCCOC)[C@H](C)[C@@H](O)[C@]1(C)O,RXZBMPWDPOLZGW-HITVVWEBSA-N
CO/N=C(\C(=O)N[C@@H]1C(=O)N2C(C(=O)O)=C(C[n+]3ccccc3)CS[C@H]12)c1nc(NC(=O)CCN)sc1Cl,SPEGKFYUQNKBQS-XBARRRKZSA-O
CN1CCN(c2c(F)cc3c(=O)c(C(=O)O)cn4c3c2SCC4)CC1,NJCJBUHJQLFDSW-UHFFFAOYSA-N
CC[C@@H](C(=O)[C@@H](C)[C@@H](O)[C@H](C)[C@@H]1O[C@@H]([C@@H](CC)C(=O)O)CC[C@@H]1C)[C@H]1O[C@]2(C=C[C@@H](O)[C@]3(CC[C@@](C)([C@H]4CC[C@](O)(CC)[C@H](C)O4)O3)O2)[C@H](C)C[C@@H]1C,KQXDHUJYNAXLNZ-XQSDOZFQSA-N
CN(C)[C@@H]1C(=O)C(C(N)=O)C(=O)[C@@]2(O)C(=O)C3C(=O)c4c(O)cccc4C[C@H]3C[C@@H]12,CRNIKQQPTHSPBA-QWIOFRSBSA-N
CON(C)Cc1ccc(O)c2c1C[C@H]1C[C@H]3[C@H](N(C)C)C(=O)C(C(N)=O)C(=O)[C@@]3(O)C(=O)C1C2=O,PCIMKOZUNSLDGD-RTWWDWJHSA-N
CC(=O)O[C@@H]1/C=C/C(C)=C/C[C@H](O)/C=C/C(C)=C/[C@@H](NC(=O)C(C)=O)[C@]2(C)C(=O)O[C@H](C1)[C@@H](C)C2=O,LSNBAGMWJRMBEO-VGBMZARNSA-N
CO[C@@H]1[C@@H](O)[C@H](C)[C@@](O)(CC(=O)O)O[C@H]1[C@H](C)[C@H]1O[C@@]2(CC[C@@](C)([C@H]3CC[C@@](C)([C@@H]4O[C@@H]([C@H]5O[C@](C)(O)[C@H](C)C[C@@H]5C)C[C@@H]4O[C@H]4CC[C@H](OC)[C@@H](C)O4)O3)O2)C[C@H](O)[C@H]1C,WINSLRIENGBHSH-ASZYJFLUSA-N
Nc1ncnc2c1ncn2[C@@H]1O[C@H](C[C@@H](N)CC[C@H](N)C(=O)O)[C@@H](O)[C@H]1O,LMXOHSDXUQEUSF-YECHIGJVSA-N
N[C@@H]1CN(c2c(F)cc3c(=O)c(C(=O)O)cn([C@@H]4C[C@@H]4F)c3c2Cl)CC12CC2,PNUZDKCDAWUEGK-CYZMBNFOSA-N
CC[C@H]1OC(=O)[C@@](C)(F)C(=O)[C@H](C)[C@@H](O[C@@H]2O[C@H](C)C[C@H](N(C)C)[C@H]2O)[C@](C)(OC)C[C@@H](C)C(=O)[C@H](C)[C@H]2N(CCCCn3cc(-c4cccc(N)c4)nn3)C(=O)O[C@]12C,IXXFZUPTQVDPPK-ZAWHAJPISA-N
C[C@@H]1CN(c2c(F)c(N)c3c(=O)c(C(=O)O)cn(C4CC4)c3c2F)C[C@H](C)N1,DZZWHBIBMUVIIW-DTORHVGOSA-N
CO[C@@H]1[C@@H](O[C@@H]2O[C@H](C)[C@@H](O[C@H]3C[C@@](C)(O)[C@@H](O)[C@H](C)O3)[C@H](N(C)C)[C@H]2O)[C@@H](CC=O)C[C@@H](C)[C@@H](O[C@H]2CC[C@H](N(C)C)[C@H](C)O2)C=CC=CC[C@@H](C)OC(=O)C[C@H]1O,ACTOXUHEUCPTEW-SQVNBSCLSA-N
CO[C@@H]1[C@@H](O[C@@H]2O[C@H](C)[C@@H](O[C@H]3C[C@@](C)(O)[C@@H](O)[C@H](C)O3)[C@H](N(C)C)[C@H]2O)[C@@H](CC=O)C[C@@H](C)[C@@H](O[C@H]2CC[C@H](N(C)C)[C@@H](C)O2)/C=C/C=C/C[C@@H](C)OC(=O)C[C@H]1O,ACTOXUHEUCPTEW-CEUOBAOPSA-N
CN[C@@H]1[C@H](O[C@H]2[C@H](O[C@H]3[C@H](O)[C@@H](O)[C@H](N=C(N)N)[C@@H](O)[C@@H]3N=C(N)N)O[C@@H](C)[C@]2(O)C=O)O[C@@H](CO)[C@H](O)[C@H]1O,UCSJYZPVAKXKNQ-HZYVHMACSA-N
NCCC[C@H](N)CC(=O)N[C@@H]1[C@H](O)[C@@H](OC(N)=O)[C@@H](CO)O[C@H]1/N=C1\N[C@@H]2[C@H](O)CNC(=O)[C@H]2N1,NRAUADCLPJTGSF-VLSXYIQESA-N
CC1(C)C(C(=O)O)N2C(=O)C[C@H]2S1(=O)=O,FKENQMMABCRJMK-LWOQYNTDSA-N
CC(C)(C)C(=O)OCOC(=O)[C@@H]1N2C(=O)C[C@H]2S(=O)(=O)C1(C)C,OHPVYKXTRACOSQ-ZJUUUORDSA-N
CC1(C)S[C@@H]2[C@H](NC(=O)[C@@H](c3ccccc3)S(=O)(=O)O)C(=O)N2[C@H]1C(=O)O,JETQIUPBHQNHNZ-NJBDSQKTSA-N
Nc1ccc(S(=O)(=O)NC(=O)c2ccccc2)cc1,PBCZLFBEBARBBI-UHFFFAOYSA-N
CC(=O)NS(=O)(=O)c1ccc(N)cc1,SKIVFJLNDNKQPD-UHFFFAOYSA-N
Nc1ccc(S(=O)(=O)Nc2ccc(Cl)nn2)cc1,XOXHILFPRYWFOD-UHFFFAOYSA-N
Nc1ccc(S(=O)(=O)Nc2ncccn2)cc1,SEEPANYCNGTZFQ-UHFFFAOYSA-N
COc1cc(NS(=O)(=O)c2ccc(N)cc2)nc(OC)n1,ZZORFUFYDOWNEF-UHFFFAOYSA-N
COc1ncnc(NS(=O)(=O)c2ccc(N)cc2)c1OC,PJSFRIWCGOHTNF-UHFFFAOYSA-N
NC(N)=NS(=O)(=O)c1ccc(N)cc1,BRBKOPJOKNSWSG-UHFFFAOYSA-N
COc1nccnc1NS(=O)(=O)c1ccc(N)cc1,KXRZBTAEDBELFD-UHFFFAOYSA-N
COc1ccc(NS(=O)(=O)c2ccc(NC(c3c(C)n(C)n(-c4ccccc4)c3=O)S(=O)(=O)O)cc2)nn1,BGLHAKAJGYLSOX-UHFFFAOYSA-N
Cc1ccnc(NS(=O)(=O)c2ccc(N)cc2)n1,QPPBRPIAZZHUNT-UHFFFAOYSA-N
COc1cnc(NS(=O)(=O)c2ccc(N)cc2)nc1,GPTONYMQFTZPKC-UHFFFAOYSA-N
Cc1cc(C)nc(NS(=O)(=O)c2ccc(N)cc2)n1,ASWVTGNCAZCNNR-UHFFFAOYSA-N
Cc1nnc(NS(=O)(=O)c2ccc(N)cc2)s1,VACCAVUAMIDAGB-UHFFFAOYSA-N
Cc1cc(NS(=O)(=O)c2ccc(N)cc2)no1,JLKIGFTWXXRPMT-UHFFFAOYSA-N
COc1ccc(NS(=O)(=O)c2ccc(N)cc2)nn1,VLYWMPOKSSWJAL-UHFFFAOYSA-N
COc1cc(NS(=O)(=O)c2ccc(N)cc2)nc(C)n1,QKLSCPPJEVXONT-UHFFFAOYSA-N
COc1nsnc1NS(=O)(=O)c1ccc(N)cc1,IZOYMGQQVNAMHS-UHFFFAOYSA-N
COc1cc(NS(=O)(=O)c2ccc(N)cc2)ncn1,WMPXPUYPYQKQCX-UHFFFAOYSA-N
Cc1nc(NS(=O)(=O)c2ccc(N)cc2)oc1C,CYFLXLSBHQBMFT-UHFFFAOYSA-N
Nc1ccc(S(N)(=O)=O)cc1,FDDDEECHVMSUSB-UHFFFAOYSA-N
CC(=O)Nc1ccc(S(=O)(=O)Nc2ccc([N+](=O)[O-])cc2)cc1,GWBPFRGXNGPPMF-UHFFFAOYSA-N
Cc1cnc(NS(=O)(=O)c2ccc(N)cc2)nc1,DZQVFHSCSRACSX-UHFFFAOYSA-N
Nc1ccc(S(=O)(=O)Nc2ccnn2-c2ccccc2)cc1,QWCJHSGMANYXCW-UHFFFAOYSA-N
Nc1ccc(S(=O)(=O)Nc2ccccn2)cc1,GECHUMIMRBOMGK-UHFFFAOYSA-N
Nc1ccc(S(=O)(=O)Nc2cnc3ccccc3n2)cc1,NHZLNPMOSADWGC-UHFFFAOYSA-N
Nc1ccc(S(=O)(=O)Nc2nccs2)cc1,JNMRHUJNCSQMMB-UHFFFAOYSA-N
NC(=S)NS(=O)(=O)c1ccc(N)cc1,UEMLYRZWLVXWRU-UHFFFAOYSA-N
CC(=O)Nc1ccc(S(=O)(=O)Nc2onc(C)c2C)cc1,UTVCPAPWORAKEV-UHFFFAOYSA-N
C[C@@H](O)[C@H]1C(=O)N2C(C(=O)O)=C(S[C@H]3CC[S@@+]([O-])C3)S[C@H]12,FLSUCZWOEMTFAQ-PRBGKLEPSA-N
CC1(C)S[C@@H]2[C@H](NC(=O)[C@H](N)c3ccccc3)C(=O)N2[C@H]1C(=O)OCOC(=O)[C@@H]1N2C(=O)C[C@H]2S(=O)(=O)C1(C)C,OPYGFNJSCUDTBT-PMLPCWDUSA-N
CC(=O)NC[C@H]1CN(c2ccc(N3CCSCC3)c(F)c2)C(=O)O1,FNDDDNOJWPQCBZ-ZDUSSCGKSA-N
CCO/N=C(\C(=O)N[C@@H]1C(=O)N2C(C(=O)[O-])=C(Sc3nc(-c4cc[n+](C)cc4)cs3)CS[C@H]12)c1nsc(N)n1,RGFBRLNVZCCMSV-BIRGHMBHSA-N
C[C@@H](O)[C@H]1C(=O)N2C(C(=O)O)=C(S[C@H]3CNC(=O)C3)[C@H](C)[C@H]12,CTEFNVKDRWMZSL-CTNSIQBBSA-N
CC1(C)S[C@@H]2[C@H](NC(=O)[C@H](N)c3ccccc3)C(=O)N2[C@H]1C(=O)OC1OC(=O)c2ccccc21,SOROUYSPFADXSN-SUWVAFIASA-N
C[C@]1(Cn2ccnn2)[C@H](C(=O)O)N2C(=O)C[C@H]2S1(=O)=O,LPQZKKCYTLCDGQ-WEDXCCLWSA-N
C/C(=N\O)C(C)(C)NCCCNC(C)(C)/C(Cn1ccnc1[N+](=O)[O-])=N/O,MZBUHSRGUSFGOL-ZIOPAAQOSA-N
C[C@@H](O)[C@H]1C(=O)N2C(C(=O)O)=C(SC3CN(C4=NCCS4)C3)[C@H](C)[C@H]12,GXXLUDOKHXEFBQ-YJFSRANCSA-N
C[C@@H](O)[C@H]1C(=O)N2C(C(=O)OCOC(=O)C(C)(C)C)=C(SC3CN(C4=NCCS4)C3)[C@H](C)[C@H]12,SNUDIPVBUUXCDG-QHSBEEBCSA-N
Cn1nnc(-c2ccc(-c3ccc(N4C[C@H](CO)OC4=O)cc3F)cn2)n1,XFALPSLJIHVRKE-GFCCVEGCSA-N
Cn1nnc(-c2ccc(-c3ccc(N4C[C@H](COP(=O)(O)O)OC4=O)cc3F)cn2)n1,QCGUSIANLFXSGE-GFCCVEGCSA-N
CC[C@H]1OC(=O)[C@H](C)C(=O)[C@H](C)[C@@H](O[C@@H]2O[C@H](C)C[C@H](N(C)C)[C@H]2O)[C@](C)(OC)C[C@@H](C)C(=O)[C@H](C)[C@H]2N(CCCCn3cnc(-c4cccnc4)c3)C(=O)O[C@]12C,LJVAJPDWBABPEJ-PNUFFHFMSA-N
CC1CN(c2cc3c(cc2F)c(=O)c(C(=O)O)cn3-c2ccc(F)cc2F)CCN1,QKDHBVNJCZBTMR-UHFFFAOYSA-N
CO[C@@]1(NC(=O)C(C(=O)O)c2ccsc2)C(=O)N2[C@@H](C(=O)O)C(C)(C)S[C@@H]21,BVCKFLJARNKCSS-DWPRYXJFSA-N
CN(C)[C@@H]1C(=O)C(C(N)=O)C(=O)[C@@]2(O)C(=O)C3C(=O)c4c(O)cccc4[C@@](C)(O)[C@H]3C[C@@H]12,MUHBBHLZPHKTTR-GWFFGYACSA-N
COCCOc1c(OC)cc(Cc2cnc(N)nc2N)cc1OC,WSWJIZXMAUYHOE-UHFFFAOYSA-N
CS(=O)(=O)c1ccc([C@@H](O)[C@@H](CO)NC(=O)C(Cl)Cl)cc1,OTVAEFIXJLOWRX-NXEZZACHSA-N
CC1(C)S[C@@H]2[C@H](NC(=O)[C@H](C(=O)O)c3ccsc3)C(=O)N2[C@H]1C(=O)O,OHKOGUYZJXTSFX-KZFFXBSXSA-N
CN(C)c1cc(NC(=O)CNC(C)(C)C)c(O)c2c1C[C@H]1C[C@@H]3C(C(=O)C(C(N)=O)C(=O)[C@H]3N(C)C)C(=O)C1C2=O,DYGKNDCOADMUBV-HSOLLFILSA-N
CCS(=O)(=O)CCn1c([N+](=O)[O-])cnc1C,HJLSLZFTEKNLFI-UHFFFAOYSA-N
COc1cc(Cc2cnc(N)nc2N)cc(OC)c1OC.Cc1cc(NS(=O)(=O)c2ccc(N)cc2)no1,WZRJTRPJURQBRM-UHFFFAOYSA-N
NC[C@H]1O[C@H](O[C@H]2[C@H](O)[C@@H](O[C@H]3O[C@H](CO)[C@@H](O)[C@H](N)[C@H]3O)[C@H](N)C[C@@H]2N)[C@H](N)C[C@@H]1O,NLVFBUXFDBBNBW-PBSUHMDJSA-N
C[C@@H](O)[C@H]1C(=O)N2C(C(=O)O)=C(S[C@H]3C[C@@H](C(=O)N4CC[C@H](NC(=O)CNC(=N)N)C4)N(C)C3)[C@H](C)[C@H]12,KEDAXBWZURNCHS-GPODMPQUSA-N
NC1CCN(c2nc3c(cc2F)c(=O)c(C(=O)O)cn3-c2ccc(F)cc2F)C1,WUWFMDMBOJLQIV-UHFFFAOYSA-N
O=C(Nc1ccc(Cl)cc1)Nc1ccc(Cl)c(Cl)c1,ICUTUKXCWQYESQ-UHFFFAOYSA-N
Oc1cc(Cl)ccc1Oc1ccc(Cl)cc1Cl,XEFQLINVKFYRCS-UHFFFAOYSA-N
COc1cc(Cc2cnc(N)nc2N)cc(OC)c1OC,IEDVJHCEMCRBQM-UHFFFAOYSA-N
CCCCCCCCCCCCCC[N+](C)(C)C,GLFDLEXFOHUASB-UHFFFAOYSA-N
CO[C@H]1C[C@H](O[C@H]2[C@H](C)[C@@H](O[C@@H]3O[C@H](C)C[C@H](N(C)C)[C@H]3OC(C)=O)[C@@H](C)C[C@@]3(CO3)C(=O)[C@H](C)[C@@H](OC(C)=O)[C@@H](C)[C@@H](C)OC(=O)[C@@H]2C)O[C@@H](C)[C@@H]1OC(C)=O,LQCLVBQBTUVCEQ-QTFUVMRISA-N
CCCC[C@@H]1CC(=O)[C@]2(O)O[C@@H]3[C@@H](NC)[C@@H](O)[C@@H](NC)[C@H](O)[C@H]3O[C@@H]2O1,KHAUBYTYGDOYRU-IRXASZMISA-N
N[C@@H]1[C@H]2CN(c3nc4c(cc3F)c(=O)c(C(=O)O)cn4-c3ccc(F)cc3F)C[C@@H]12,WVPSKSLAZQPAKQ-CDMJZVDBSA-N
CC[C@H]1OC(=O)C[C@@H](O)[C@H](C)[C@@H](O[C@@H]2O[C@H](C)[C@@H](O[C@H]3C[C@@](C)(O)[C@@H](O)[C@H](C)O3)[C@H](N(C)C)[C@H]2O)[C@@H](CCO)C[C@@H](C)C(=O)/C=C/C(C)=C/[C@@H]1CO[C@@H]1O[C@H](C)[C@@H](O)[C@@H](OC)[C@H]1OC,QDAVFUSCCPXZTE-VMXQISHHSA-N
CC(C)CC1NC(=O)C(CCCN)NC(=O)C(C(C)C)NC(=O)C(Cc2ccc(O)cc2)NC(=O)C(CCC(=O)O)NC(=O)C(CC(=O)O)NC(=O)C(Cc2ccccc2)NC(=O)C(Cc2ccccc2)NC(=O)C2CCCN2C(=O)C(Cc2ccccc2)NC1=O,BJSPSQYEAXWPOK-UHFFFAOYSA-N
CC1C=CC=CC=CC=CC=CC=CC=CC(OC2OC(C)C(O)C(N)C2O)CC2OC(O)(CC(O)CC(O)CCCC(O)CC(O)CC(=O)CC(=O)OC1C(C)CCC(O)CC(=O)c1ccc(N)cc1)CC(O)C2C(=O)O,IDWJWYPAJJDASX-UHFFFAOYSA-N
CC1Sc2c(C(=O)O)c(=O)c3cc(F)c(N4CCNCC4)cc3n21,SUXQDLLXIBLQHW-UHFFFAOYSA-N
CC(=O)OCC1=C(C(=O)O)N2C(=O)[C@@H](NC(=O)Cc3ccccc3)[C@H]2SC1,GOFCPYKUMJBHBH-RHSMWYFYSA-N
O=C(O)C[C@@H]1CC[C@H](NC(=O)Cc2cccs2)B(O)O1,IOOWNWLVCOUUEX-WPRPVWTQSA-N
CN[C@H](CC(C)C)C(=O)N[C@H]1C(=O)N[C@@H](CC(N)=O)C(=O)N[C@H]2C(=O)N[C@H]3C(=O)N[C@H](C(=O)N[C@H](C(=O)O)c4cc(O)cc(O)c4-c4cc3ccc4O)[C@H](O)c3ccc(c(Cl)c3)Oc3cc2cc(c3O[C@@H]2O[C@H](CO)[C@@H](O)[C@H](O)[C@H]2O[C@H]2C[C@](C)(N)[C@H](O)[C@H](C)O2)Oc2ccc(cc2Cl)[C@H]1O,MYPYJXKWCTUITO-LYRMYLQWSA-N
CC[C@H]1NC(=O)[C@@H](NC(=O)c2ncccc2O)[C@@H](C)OC(=O)[C@H](c2ccccc2)NC(=O)[C@@H]2CC(=O)CCN2C(=O)[C@H](Cc2ccccc2)N(C)C(=O)[C@@H]2CCCN2C1=O,FEPMHVLSLDOMQC-IYPFLVAKSA-N
CC1=C\[C@@H](O)CC(=O)Cc2nc(co2)C(=O)N2CCC=C2C(=O)O[C@H](C(C)C)[C@H](C)/C=C/C(=O)NC\C=C\1,DAIKHDNSXMZDCU-FQTGFAPKSA-N
C[C@@H]1CN2c3c(cc4c(N5C(=O)OC[C@@H]5C)noc4c3F)CC3(C(=O)NC(=O)NC3=O)[C@H]2[C@H](C)O1,ZSWMIFNWDQEXDT-ZESJGQACSA-N
NC(=O)OC[C@@H]1[C@H](NC(=O)C(=NOCC(=O)O)c2csc(N)n2)C(=O)N1S(=O)(=O)O,UIMOJFJSJSIGLV-XRGYYRRGSA-N
CN[C@@H]1[C@H](O[C@H]2[C@H](O[C@H]3[C@H](O)[C@@H](O)[C@H](NC(=N)N)[C@@H](O)[C@@H]3NC(=N)N)O[C@@H](C)[C@]2(O)CO)O[C@@H](CO)[C@H](O)[C@H]1O,ASXBYYWOLISCLQ-HZYVHMACSA-N
NC[C@H]1O[C@H](O[C@H]2[C@H](O)[C@@H](O[C@H]3O[C@H](CO)[C@@H](O)[C@H](N)[C@H]3O)[C@H](N)C[C@@H]2N)[C@H](O)[C@@H](O)[C@@H]1O,SBUJHOSQTJFQJX-NOAMYHISSA-N
CN[C@@H]1[C@@H](O)[C@@H](O[C@@H]2[C@@H](O)[C@H](O[C@H]3OC(CN)=CC[C@H]3N)[C@@H](N)C[C@H]2N)OC[C@]1(C)O,URWAJWIAIPFPJE-YFMIWBNJSA-N
CN[C@@H]1[C@H](O)[C@H](NC)[C@H]2O[C@@]3(O)C(=O)C[C@@H](C)O[C@H]3O[C@@H]2[C@H]1O,UNFWWIHTNXNPBV-WXKVUWSESA-N
